# Timestep Y UX UY RHO
# Timestep: 0
0 0 0 0 1
0 1 4.6015e-06 0 1
0 2 4.6015e-06 0 1
0 3 4.6015e-06 0 1
0 4 4.6015e-06 0 1
0 5 4.6015e-06 0 1
0 6 4.6015e-06 0 1
0 7 4.6015e-06 0 1
0 8 4.6015e-06 0 1
0 9 4.6015e-06 0 1
0 10 4.6015e-06 0 1
0 11 4.6015e-06 0 1
0 12 4.6015e-06 0 1
0 13 4.6015e-06 0 1
0 14 4.6015e-06 0 1
0 15 4.6015e-06 0 1
0 16 4.6015e-06 0 1
0 17 4.6015e-06 0 1
0 18 4.6015e-06 0 1
0 19 4.6015e-06 0 1
0 20 4.6015e-06 0 1
0 21 4.6015e-06 0 1
0 22 4.6015e-06 0 1
0 23 4.6015e-06 0 1
0 24 4.6015e-06 0 1
0 25 4.6015e-06 0 1
0 26 4.6015e-06 0 1
0 27 4.6015e-06 0 1
0 28 4.6015e-06 0 1
0 29 4.6015e-06 0 1
0 30 4.6015e-06 0 1
0 31 4.6015e-06 0 1
0 32 4.6015e-06 0 1
0 33 4.6015e-06 0 1
0 34 4.6015e-06 0 1
0 35 4.6015e-06 0 1
0 36 4.6015e-06 0 1
0 37 4.6015e-06 0 1
0 38 4.6015e-06 0 1
0 39 0 0 1

# Timestep: 100
100 0 0 0 1
100 1 0.000226959 7.49401e-16 1
100 2 0.000453024 7.59809e-16 1
100 3 0.000615409 7.18176e-16 1
100 4 0.000728324 7.25114e-16 1
100 5 0.000804192 6.76542e-16 1
100 6 0.000853362 7.59809e-16 1
100 7 0.000884049 6.93889e-16 1
100 8 0.00090246 6.9042e-16 1
100 9 0.000913063 6.14092e-16 1
100 10 0.000918914 5.96745e-16 1
100 11 0.000922003 4.57967e-16 1
100 12 0.000923561 4.68375e-16 1
100 13 0.00092431 3.22659e-16 1
100 14 0.000924653 3.19189e-16 1
100 15 0.000924803 2.22045e-16 1
100 16 0.000924864 3.05311e-16 1
100 17 0.000924888 2.35922e-16 1
100 18 0.000924897 2.84495e-16 1
100 19 0.0009249 2.22045e-16 1
100 20 0.0009249 0 1
100 21 0.000924897 -2.04697e-16 1
100 22 0.000924888 -1.52656e-16 1
100 23 0.000924864 -7.28584e-17 1
100 24 0.000924803 -1.17961e-16 1
100 25 0.000924653 -2.32453e-16 1
100 26 0.00092431 -1.73472e-16 1
100 27 0.000923561 -3.36536e-16 1
100 28 0.000922003 -3.1572e-16 1
100 29 0.000918914 -4.05925e-16 1
100 30 0.000913063 -2.81025e-16 1
100 31 0.00090246 -4.57967e-16 1
100 32 0.000884049 -4.78784e-16 1
100 33 0.000853362 -5.16948e-16 1
100 34 0.000804192 -5.82867e-16 1
100 35 0.000728324 -6.55725e-16 1
100 36 0.000615409 -7.11237e-16 1
100 37 0.000453024 -8.01442e-16 1
100 38 0.000226959 -8.18789e-16 1
100 39 0 0 1

# Timestep: 200
200 0 0 0 1
200 1 0.000334667 9.92262e-16 1
200 2 0.000691788 1.13451e-15 1
200 3 0.000977339 1.08247e-15 1
200 4 0.00120211 1.05818e-15 1
200 5 0.00137616 6.97359e-16 1
200 6 0.00150867 4.96131e-16 1
200 7 0.00160781 3.95517e-16 1
200 8 0.00168064 3.88578e-16 1
200 9 0.00173316 4.996e-16 1
200 10 0.00177032 3.53884e-16 1
200 11 0.00179609 5.10009e-16 1
200 12 0.00181361 2.77556e-16 1
200 13 0.00182528 2.18575e-16 1
200 14 0.00183289 1.52656e-16 1
200 15 0.00183773 1.52656e-16 1
200 16 0.00184073 4.51028e-17 1
200 17 0.00184253 1.17961e-16 1
200 18 0.00184352 6.93889e-17 1
200 19 0.00184396 1.07553e-16 1
200 20 0.00184396 1.49186e-16 1
200 21 0.00184352 3.46945e-17 1
200 22 0.00184253 -4.51028e-17 1
200 23 0.00184073 6.59195e-17 1
200 24 0.00183773 4.51028e-17 1
200 25 0.00183289 1.2837e-16 1
200 26 0.00182528 -7.28584e-17 1
200 27 0.00181361 -2.15106e-16 1
200 28 0.00179609 -5.27356e-16 1
200 29 0.00177032 -5.0307e-16 1
200 30 0.00173316 -5.34295e-16 1
200 31 0.00168064 -6.45317e-16 1
200 32 0.00160781 -8.22259e-16 1
200 33 0.00150867 -7.42462e-16 1
200 34 0.00137616 -7.18176e-16 1
200 35 0.00120211 -8.63892e-16 1
200 36 0.000977339 -9.88792e-16 1
200 37 0.000691788 -1.02349e-15 1
200 38 0.000334667 -1.11022e-15 1
200 39 0 0 1

# Timestep: 300
300 0 0 0 1
300 1 0.000417671 1.09635e-15 1
300 2 0.000876927 1.08247e-15 1
300 3 0.00126098 1.04083e-15 1
300 4 0.00157884 1.00267e-15 1
300 5 0.00183913 9.81853e-16 1
300 6 0.00204995 7.91034e-16 1
300 7 0.00221878 8.98587e-16 1
300 8 0.00235241 8.53484e-16 1
300 9 0.00245692 8.60423e-16 1
300 10 0.00253765 6.69603e-16 1
300 11 0.00259923 5.41234e-16 1
300 12 0.00264559 5.86337e-16 1
300 13 0.00267999 5.79398e-16 1
300 14 0.00270513 4.82253e-16 1
300 15 0.00272314 5.44703e-16 1
300 16 0.00273572 4.26742e-16 1
300 17 0.00274411 3.33067e-16 1
300 18 0.00274923 2.46331e-16 1
300 19 0.00275165 2.46331e-16 1
300 20 0.00275165 1.56125e-16 1
300 21 0.00274923 5.89806e-17 1
300 22 0.00274411 -4.85723e-17 1
300 23 0.00273572 -7.97973e-17 1
300 24 0.00272314 -1.73472e-16 1
300 25 0.00270513 -1.70003e-16 1
300 26 0.00267999 -3.26128e-16 1
300 27 0.00264559 -3.88578e-16 1
300 28 0.00259923 -5.41234e-16 1
300 29 0.00253765 -4.78784e-16 1
300 30 0.00245692 -6.14092e-16 1
300 31 0.00235241 -6.52256e-16 1
300 32 0.00221878 -7.32053e-16 1
300 33 0.00204995 -7.35523e-16 1
300 34 0.00183913 -8.70831e-16 1
300 35 0.00157884 -9.88792e-16 1
300 36 0.00126098 -1.06859e-15 1
300 37 0.000876927 -1.11369e-15 1
300 38 0.000417671 -1.08941e-15 1
300 39 0 0 1

# Timestep: 400
400 0 0 0 1
400 1 0.000487763 1.10675e-15 1
400 2 0.00103366 1.04777e-15 1
400 3 0.00150215 9.92262e-16 1
400 4 0.00190113 1.02002e-15 1
400 5 0.00223824 9.92262e-16 1
400 6 0.00252077 8.53484e-16 1
400 7 0.00275557 7.49401e-16 1
400 8 0.00294904 7.21645e-16 1
400 9 0.00310702 8.08381e-16 1
400 10 0.00323483 6.83481e-16 1
400 11 0.00333722 5.86337e-16 1
400 12 0.00341836 4.61436e-16 1
400 13 0.0034819 4.16334e-16 1
400 14 0.00353092 4.05925e-16 1
400 15 0.003568 4.05925e-16 1
400 16 0.00359524 2.28983e-16 1
400 17 0.00361428 1.56125e-16 1
400 18 0.00362631 9.71445e-17 1
400 19 0.00363213 1.42247e-16 1
400 20 0.00363213 -1.07553e-16 1
400 21 0.00362631 3.81639e-17 1
400 22 0.00361428 -2.39392e-16 1
400 23 0.00359524 -7.97973e-17 1
400 24 0.003568 -3.71231e-16 1
400 25 0.00353092 -1.76942e-16 1
400 26 0.0034819 -4.68375e-16 1
400 27 0.00341836 -3.36536e-16 1
400 28 0.00333722 -6.48787e-16 1
400 29 0.00323483 -5.86337e-16 1
400 30 0.00310702 -7.35523e-16 1
400 31 0.00294904 -7.97973e-16 1
400 32 0.00275557 -7.38992e-16 1
400 33 0.00252077 -7.80626e-16 1
400 34 0.00223824 -7.97973e-16 1
400 35 0.00190113 -9.64506e-16 1
400 36 0.00150215 -9.4369e-16 1
400 37 0.00103366 -1.09635e-15 1
400 38 0.000487763 -1.06859e-15 1
400 39 0 0 1

# Timestep: 500
500 0 0 0 1
500 1 0.000549544 1.20737e-15 1
500 2 0.001172 1.21431e-15 1
500 3 0.00171551 1.09288e-15 1
500 4 0.00218719 9.92262e-16 1
500 5 0.00259397 9.57567e-16 1
500 6 0.00294248 8.29198e-16 1
500 7 0.00323908 7.18176e-16 1
500 8 0.00348972 7.42462e-16 1
500 9 0.00369998 6.9042e-16 1
500 10 0.00387497 6.8695e-16 1
500 11 0.00401935 6.80012e-16 1
500 12 0.00413732 5.79398e-16 1
500 13 0.00423258 4.82253e-16 1
500 14 0.00430834 3.46945e-16 1
500 15 0.00436736 3.29597e-16 1
500 16 0.00441188 3.05311e-16 1
500 17 0.00444372 2.63678e-16 1
500 18 0.0044642 7.28584e-17 1
500 19 0.00447423 9.71445e-17 1
500 20 0.00447423 4.85723e-17 1
500 21 0.0044642 2.42861e-17 1
500 22 0.00444372 -1.21431e-16 1
500 23 0.00441188 -1.56125e-16 1
500 24 0.00436736 -1.9082e-16 1
500 25 0.00430834 -2.11636e-16 1
500 26 0.00423258 -3.26128e-16 1
500 27 0.00413732 -6.14092e-16 1
500 28 0.00401935 -5.55112e-16 1
500 29 0.00387497 -7.11237e-16 1
500 30 0.00369998 -6.73073e-16 1
500 31 0.00348972 -8.46545e-16 1
500 32 0.00323908 -7.21645e-16 1
500 33 0.00294248 -8.36137e-16 1
500 34 0.00259397 -7.77156e-16 1
500 35 0.00218719 -1.0339e-15 1
500 36 0.00171551 -9.4369e-16 1
500 37 0.001172 -1.09288e-15 1
500 38 0.000549544 -1.19349e-15 1
500 39 0 0 1

# Timestep: 600
600 0 0 0 1
600 1 0.00060533 1.15533e-15 1
600 2 0.00129701 1.079e-15 1
600 3 0.00190858 9.4022e-16 1
600 4 0.00244656 1.06165e-15 1
600 5 0.00291729 7.77156e-16 1
600 6 0.0033269 8.95117e-16 1
600 7 0.00368128 6.31439e-16 1
600 8 0.00398601 8.18789e-16 1
600 9 0.00424633 6.17562e-16 1
600 10 0.00446712 6.41848e-16 1
600 11 0.00465286 4.996e-16 1
600 12 0.00480763 3.7817e-16 1
600 13 0.00493505 4.33681e-16 1
600 14 0.00503831 3.08781e-16 1
600 15 0.00512018 2.91434e-16 1
600 16 0.00518292 1.56125e-16 1
600 17 0.00522837 1.38778e-16 1
600 18 0.00525791 -1.38778e-17 1
600 19 0.00527246 2.77556e-17 1
600 20 0.00527246 -1.00614e-16 1
600 21 0.00525791 -7.28584e-17 1
600 22 0.00522837 -1.2837e-16 1
600 23 0.00518292 -2.18575e-16 1
600 24 0.00512018 -2.98372e-16 1
600 25 0.00503831 -3.71231e-16 1
600 26 0.00493505 -4.61436e-16 1
600 27 0.00480763 -3.88578e-16 1
600 28 0.00465286 -5.37764e-16 1
600 29 0.00446712 -5.20417e-16 1
600 30 0.00424633 -5.27356e-16 1
600 31 0.00398601 -6.14092e-16 1
600 32 0.00368128 -7.45931e-16 1
600 33 0.0033269 -7.91034e-16 1
600 34 0.00291729 -8.7777e-16 1
600 35 0.00244656 -1.02002e-15 1
600 36 0.00190858 -9.67976e-16 1
600 37 0.00129701 -1.12757e-15 1
600 38 0.00060533 -1.1241e-15 1
600 39 0 0 1

# Timestep: 700
700 0 0 0 1
700 1 0.000656432 1.14145e-15 1
700 2 0.00141158 1.14145e-15 1
700 3 0.00208568 1.01655e-15 1
700 4 0.00268474 1.13104e-15 1
700 5 0.00321464 8.95117e-16 1
700 6 0.00368105 8.91648e-16 1
700 7 0.00408947 6.62664e-16 1
700 8 0.00444511 6.80012e-16 1
700 9 0.00475291 6.2797e-16 1
700 10 0.00501746 7.11237e-16 1
700 11 0.00524303 5.48173e-16 1
700 12 0.00543352 6.03684e-16 1
700 13 0.0055924 4.996e-16 1
700 14 0.00572278 4.85723e-16 1
700 15 0.00582731 3.53884e-16 1
700 16 0.00590824 4.05925e-16 1
700 17 0.00596735 3.05311e-16 1
700 18 0.00600601 2.46331e-16 1
700 19 0.00602511 2.08167e-17 1
700 20 0.00602511 4.16334e-17 1
700 21 0.00600601 -9.36751e-17 1
700 22 0.00596735 -1.70003e-16 1
700 23 0.00590824 -2.498e-16 1
700 24 0.00582731 -3.22659e-16 1
700 25 0.00572278 -3.05311e-16 1
700 26 0.0055924 -5.06539e-16 1
700 27 0.00543352 -4.54498e-16 1
700 28 0.00524303 -5.37764e-16 1
700 29 0.00501746 -4.71845e-16 1
700 30 0.00475291 -5.89806e-16 1
700 31 0.00444511 -6.97359e-16 1
700 32 0.00408947 -7.32053e-16 1
700 33 0.00368105 -8.22259e-16 1
700 34 0.00321464 -9.02056e-16 1
700 35 0.00268474 -1.01655e-15 1
700 36 0.00208568 -1.00961e-15 1
700 37 0.00141158 -1.0443e-15 1
700 38 0.000656432 -1.16573e-15 1
700 39 0 0 1

# Timestep: 800
800 0 0 0 1
800 1 0.000703652 1.1588e-15 1
800 2 0.00151747 1.23859e-15 1
800 3 0.00224945 1.05471e-15 1
800 4 0.00290516 1.09288e-15 1
800 5 0.00349004 9.05526e-16 1
800 6 0.00400942 9.33281e-16 1
800 7 0.00446839 7.63278e-16 1
800 8 0.00487184 7.49401e-16 1
800 9 0.0052244 5.30825e-16 1
800 10 0.0055304 5.16948e-16 1
800 11 0.00579386 5.51642e-16 1
800 12 0.00601848 4.85723e-16 1
800 13 0.00620756 4.61436e-16 1
800 14 0.00636406 4.82253e-16 1
800 15 0.00649052 2.42861e-16 1
800 16 0.00658909 2.81025e-16 1
800 17 0.0066615 1.35308e-16 1
800 18 0.00670905 1.70003e-16 1
800 19 0.0067326 3.46945e-18 1
800 20 0.0067326 6.59195e-17 1
800 21 0.00670905 -1.04083e-17 1
800 22 0.0066615 -4.51028e-17 1
800 23 0.00658909 -2.04697e-16 1
800 24 0.00649052 -2.22045e-16 1
800 25 0.00636406 -2.22045e-16 1
800 26 0.00620756 -2.91434e-16 1
800 27 0.00601848 -4.68375e-16 1
800 28 0.00579386 -6.55725e-16 1
800 29 0.0055304 -6.9042e-16 1
800 30 0.0052244 -6.41848e-16 1
800 31 0.00487184 -6.45317e-16 1
800 32 0.00446839 -7.11237e-16 1
800 33 0.00400942 -9.02056e-16 1
800 34 0.00349004 -9.64506e-16 1
800 35 0.00290516 -9.64506e-16 1
800 36 0.00224945 -1.05124e-15 1
800 37 0.00151747 -1.05818e-15 1
800 38 0.000703652 -1.11022e-15 1
800 39 0 0 1

# Timestep: 900
900 0 0 0 1
900 1 0.000747511 1.21084e-15 1
900 2 0.00161585 1.20043e-15 1
900 3 0.00240164 1.08247e-15 1
900 4 0.00311006 8.91648e-16 1
900 5 0.00374622 8.91648e-16 1
900 6 0.00431504 9.12465e-16 1
900 7 0.00482131 7.56339e-16 1
900 8 0.00526959 7.97973e-16 1
900 9 0.00566422 6.69603e-16 1
900 10 0.00600928 8.04912e-16 1
900 11 0.00630855 5.68989e-16 1
900 12 0.00656549 6.52256e-16 1
900 13 0.00678325 5.30825e-16 1
900 14 0.00696461 4.54498e-16 1
900 15 0.00711199 2.84495e-16 1
900 16 0.00722742 4.02456e-16 1
900 17 0.00731255 2.01228e-16 1
900 18 0.00736861 1.70003e-16 1
900 19 0.00739643 9.02056e-17 1
900 20 0.00739643 5.89806e-17 1
900 21 0.00736861 -1.17961e-16 1
900 22 0.00731255 -6.59195e-17 1
900 23 0.00722742 -2.42861e-16 1
900 24 0.00711199 -2.63678e-16 1
900 25 0.00696461 -3.01842e-16 1
900 26 0.00678325 -3.08781e-16 1
900 27 0.00656549 -2.498e-16 1
900 28 0.00630855 -5.27356e-16 1
900 29 0.00600928 -5.16948e-16 1
900 30 0.00566422 -6.76542e-16 1
900 31 0.00526959 -6.48787e-16 1
900 32 0.00482131 -6.97359e-16 1
900 33 0.00431504 -7.18176e-16 1
900 34 0.00374622 -8.53484e-16 1
900 35 0.00311006 -9.05526e-16 1
900 36 0.00240164 -9.85323e-16 1
900 37 0.00161585 -1.09288e-15 1
900 38 0.000747511 -1.15186e-15 1
900 39 0 0 1

# Timestep: 1000
1000 0 0 0 1
1000 1 0.000788375 1.16226e-15 1
1000 2 0.00170751 1.10328e-15 1
1000 3 0.00254347 1.07553e-15 1
1000 4 0.00330108 1.0339e-15 1
1000 5 0.00398509 9.4022e-16 1
1000 6 0.00460013 9.92262e-16 1
1000 7 0.00515066 7.59809e-16 1
1000 8 0.00564095 9.47159e-16 1
1000 9 0.00607506 6.83481e-16 1
1000 10 0.00645682 7.94503e-16 1
1000 11 0.00678978 5.55112e-16 1
1000 12 0.00707719 6.10623e-16 1
1000 13 0.00732202 4.54498e-16 1
1000 14 0.00752687 5.82867e-16 1
1000 15 0.00769404 4.30211e-16 1
1000 16 0.00782544 3.92048e-16 1
1000 17 0.00792263 2.42861e-16 1
1000 18 0.00798676 2.18575e-16 1
1000 19 0.00801863 1.11022e-16 1
1000 20 0.00801863 4.16334e-17 1
1000 21 0.00798676 -1.49186e-16 1
1000 22 0.00792263 -4.16334e-17 1
1000 23 0.00782544 -1.38778e-16 1
1000 24 0.00769404 -1.42247e-16 1
1000 25 0.00752687 -3.67761e-16 1
1000 26 0.00732202 -2.98372e-16 1
1000 27 0.00707719 -5.0307e-16 1
1000 28 0.00678978 -4.54498e-16 1
1000 29 0.00645682 -5.96745e-16 1
1000 30 0.00607506 -4.44089e-16 1
1000 31 0.00564095 -7.11237e-16 1
1000 32 0.00515066 -6.48787e-16 1
1000 33 0.00460013 -8.74301e-16 1
1000 34 0.00398509 -8.18789e-16 1
1000 35 0.00330108 -9.85323e-16 1
1000 36 0.00254347 -9.22873e-16 1
1000 37 0.00170751 -1.11369e-15 1
1000 38 0.000788375 -1.10328e-15 1
1000 39 0 0 1

# Timestep: 1100
1100 0 0 0 1
1100 1 0.000826519 1.08247e-15 1
1100 2 0.00179308 1.15186e-15 1
1100 3 0.00267588 1.08594e-15 1
1100 4 0.00347943 9.81853e-16 1
1100 5 0.00420818 9.47159e-16 1
1100 6 0.00486643 9.33281e-16 1
1100 7 0.00545837 8.70831e-16 1
1100 8 0.005988 8.70831e-16 1
1100 9 0.00645912 7.21645e-16 1
1100 10 0.00687531 8.22259e-16 1
1100 11 0.0072399 5.48173e-16 1
1100 12 0.00755595 5.58581e-16 1
1100 13 0.00782623 3.81639e-16 1
1100 14 0.0080532 3.53884e-16 1
1100 15 0.00823901 3.29597e-16 1
1100 16 0.00838546 3.40006e-16 1
1100 17 0.00849401 2.77556e-16 1
1100 18 0.00856576 2.91434e-16 1
1100 19 0.00860146 5.55112e-17 1
1100 20 0.00860146 1.94289e-16 1
1100 21 0.00856576 -1.8735e-16 1
1100 22 0.00849401 -1.11022e-16 1
1100 23 0.00838546 -4.05925e-16 1
1100 24 0.00823901 -1.66533e-16 1
1100 25 0.0080532 -2.98372e-16 1
1100 26 0.00782623 -2.08167e-16 1
1100 27 0.00755595 -4.09395e-16 1
1100 28 0.0072399 -3.98986e-16 1
1100 29 0.00687531 -5.89806e-16 1
1100 30 0.00645912 -5.72459e-16 1
1100 31 0.005988 -8.29198e-16 1
1100 32 0.00545837 -6.17562e-16 1
1100 33 0.00486643 -8.60423e-16 1
1100 34 0.00420818 -7.42462e-16 1
1100 35 0.00347943 -9.64506e-16 1
1100 36 0.00267588 -1.01655e-15 1
1100 37 0.00179308 -1.09981e-15 1
1100 38 0.000826519 -1.13104e-15 1
1100 39 0 0 1

# Timestep: 1200
1200 0 0 0 1
1200 1 0.000862161 1.06512e-15 1
1200 2 0.00187305 1.00267e-15 1
1200 3 0.00279962 9.78384e-16 1
1200 4 0.00364612 1.08594e-15 1
1200 5 0.00441669 8.63892e-16 1
1200 6 0.00511538 8.36137e-16 1
1200 7 0.00574607 7.70217e-16 1
1200 8 0.00631254 8.18789e-16 1
1200 9 0.00681832 6.69603e-16 1
1200 10 0.00726678 6.31439e-16 1
1200 11 0.00766103 4.92661e-16 1
1200 12 0.00800394 5.10009e-16 1
1200 13 0.00829811 4.16334e-16 1
1200 14 0.00854585 4.4062e-16 1
1200 15 0.00874917 2.74086e-16 1
1200 16 0.00890976 2.91434e-16 1
1200 17 0.009029 2.25514e-16 1
1200 18 0.00910791 1.38778e-16 1
1200 19 0.00914719 3.81639e-17 1
1200 20 0.00914719 6.59195e-17 1
1200 21 0.00910791 -7.28584e-17 1
1200 22 0.009029 1.38778e-17 1
1200 23 0.00890976 -1.07553e-16 1
1200 24 0.00874917 -2.08167e-17 1
1200 25 0.00854585 -2.498e-16 1
1200 26 0.00829811 -3.08781e-16 1
1200 27 0.00800394 -3.98986e-16 1
1200 28 0.00766103 -4.61436e-16 1
1200 29 0.00726678 -6.73073e-16 1
1200 30 0.00681832 -4.78784e-16 1
1200 31 0.00631254 -6.76542e-16 1
1200 32 0.00574607 -6.34909e-16 1
1200 33 0.00511538 -8.98587e-16 1
1200 34 0.00441669 -8.1532e-16 1
1200 35 0.00364612 -1.11716e-15 1
1200 36 0.00279962 -9.85323e-16 1
1200 37 0.00187305 -1.09288e-15 1
1200 38 0.000862161 -1.10328e-15 1
1200 39 0 0 1

# Timestep: 1300
1300 0 0 0 1
1300 1 0.000895488 1.21778e-15 1
1300 2 0.00194781 1.1692e-15 1
1300 3 0.00291533 9.61037e-16 1
1300 4 0.003802 1.06859e-15 1
1300 5 0.0046117 8.50015e-16 1
1300 6 0.0053482 9.67976e-16 1
1300 7 0.00601517 7.70217e-16 1
1300 8 0.00661611 8.95117e-16 1
1300 9 0.00715436 5.6205e-16 1
1300 10 0.00763303 6.76542e-16 1
1300 11 0.00805507 4.12864e-16 1
1300 12 0.00842316 5.27356e-16 1
1300 13 0.00873973 2.94903e-16 1
1300 14 0.00900694 4.78784e-16 1
1300 15 0.00922668 2.18575e-16 1
1300 16 0.00940055 3.53884e-16 1
1300 17 0.00952981 2.11636e-16 1
1300 18 0.00961544 1.45717e-16 1
1300 19 0.00965809 -5.55112e-17 1
1300 20 0.00965809 -9.71445e-17 1
1300 21 0.00961544 -1.35308e-16 1
1300 22 0.00952981 -1.04083e-16 1
1300 23 0.00940055 -2.91434e-16 1
1300 24 0.00922668 -2.81025e-16 1
1300 25 0.00900694 -3.33067e-16 1
1300 26 0.00873973 -3.95517e-16 1
1300 27 0.00842316 -5.10009e-16 1
1300 28 0.00805507 -5.30825e-16 1
1300 29 0.00763303 -6.00214e-16 1
1300 30 0.00715436 -6.69603e-16 1
1300 31 0.00661611 -6.03684e-16 1
1300 32 0.00601517 -7.14706e-16 1
1300 33 0.0053482 -9.85323e-16 1
1300 34 0.0046117 -9.95731e-16 1
1300 35 0.003802 -8.88178e-16 1
1300 36 0.00291533 -9.54098e-16 1
1300 37 0.00194781 -1.1692e-15 1
1300 38 0.000895488 -1.22125e-15 1
1300 39 0 0 1

# Timestep: 1400
1400 0 0 0 1
1400 1 0.000926662 1.15186e-15 1
1400 2 0.00201775 1.1241e-15 1
1400 3 0.00302357 9.12465e-16 1
1400 4 0.00394782 9.95731e-16 1
1400 5 0.00479412 8.08381e-16 1
1400 6 0.00556602 9.95731e-16 1
1400 7 0.00626694 7.80626e-16 1
1400 8 0.00690015 8.70831e-16 1
1400 9 0.00746877 6.80012e-16 1
1400 10 0.00797575 7.45931e-16 1
1400 11 0.00842382 4.75314e-16 1
1400 12 0.00881548 5.86337e-16 1
1400 13 0.00915303 3.1572e-16 1
1400 14 0.00943849 3.29597e-16 1
1400 15 0.00967363 1.66533e-16 1
1400 16 0.00985992 3.7817e-16 1
1400 17 0.00999858 1.38778e-16 1
1400 18 0.0100905 4.85723e-17 1
1400 19 0.0101363 -7.28584e-17 1
1400 20 0.0101363 -5.55112e-17 1
1400 21 0.0100905 -1.49186e-16 1
1400 22 0.00999858 -1.42247e-16 1
1400 23 0.00985992 -2.60209e-16 1
1400 24 0.00967363 -2.94903e-16 1
1400 25 0.00943849 -3.92048e-16 1
1400 26 0.00915303 -3.71231e-16 1
1400 27 0.00881548 -4.54498e-16 1
1400 28 0.00842382 -3.92048e-16 1
1400 29 0.00797575 -6.2797e-16 1
1400 30 0.00746877 -6.38378e-16 1
1400 31 0.00690015 -7.49401e-16 1
1400 32 0.00626694 -7.91034e-16 1
1400 33 0.00556602 -8.60423e-16 1
1400 34 0.00479412 -8.39606e-16 1
1400 35 0.00394782 -9.67976e-16 1
1400 36 0.00302357 -1.00267e-15 1
1400 37 0.00201775 -1.11369e-15 1
1400 38 0.000926662 -1.11022e-15 1
1400 39 0 0 1

# Timestep: 1500
1500 0 0 0 1
1500 1 0.000955827 1.11022e-15 1
1500 2 0.00208319 1.06859e-15 1
1500 3 0.00312484 9.81853e-16 1
1500 4 0.00408424 9.74915e-16 1
1500 5 0.0049648 8.74301e-16 1
1500 6 0.00576982 9.08995e-16 1
1500 7 0.00650251 7.45931e-16 1
1500 8 0.00716592 7.97973e-16 1
1500 9 0.00776299 6.21031e-16 1
1500 10 0.00829646 7.25114e-16 1
1500 11 0.00876889 6.31439e-16 1
1500 12 0.00918264 5.79398e-16 1
1500 13 0.00953984 5.10009e-16 1
1500 14 0.00984238 5.27356e-16 1
1500 15 0.0100919 3.7817e-16 1
1500 16 0.0102899 2.46331e-16 1
1500 17 0.0104373 1.21431e-16 1
1500 18 0.0105352 2.18575e-16 1
1500 19 0.0105839 -5.89806e-17 1
1500 20 0.0105839 -1.38778e-17 1
1500 21 0.0105352 -2.15106e-16 1
1500 22 0.0104373 -1.73472e-17 1
1500 23 0.0102899 -2.67147e-16 1
1500 24 0.0100919 -2.01228e-16 1
1500 25 0.00984238 -4.26742e-16 1
1500 26 0.00953984 -2.67147e-16 1
1500 27 0.00918264 -6.14092e-16 1
1500 28 0.00876889 -5.16948e-16 1
1500 29 0.00829646 -6.07153e-16 1
1500 30 0.00776299 -4.19803e-16 1
1500 31 0.00716592 -8.01442e-16 1
1500 32 0.00650251 -6.66134e-16 1
1500 33 0.00576982 -9.22873e-16 1
1500 34 0.0049648 -8.84709e-16 1
1500 35 0.00408424 -1.00961e-15 1
1500 36 0.00312484 -1.08594e-15 1
1500 37 0.00208319 -1.18308e-15 1
1500 38 0.000955827 -1.17961e-15 1
1500 39 0 0 1

# Timestep: 1600
1600 0 0 0 1
1600 1 0.000983118 1.11716e-15 1
1600 2 0.00214441 1.0443e-15 1
1600 3 0.00321959 1.10328e-15 1
1600 4 0.0042119 9.88792e-16 1
1600 5 0.00512452 9.19403e-16 1
1600 6 0.00596053 8.74301e-16 1
1600 7 0.00672295 8.18789e-16 1
1600 8 0.00741464 6.69603e-16 1
1600 9 0.00803833 6.2797e-16 1
1600 10 0.00859659 4.68375e-16 1
1600 11 0.00909183 4.19803e-16 1
1600 12 0.00952625 4.05925e-16 1
1600 13 0.00990184 4.96131e-16 1
1600 14 0.0102204 3.1572e-16 1
1600 15 0.0104834 2.32453e-16 1
1600 16 0.0106923 2.04697e-16 1
1600 17 0.010848 1.2837e-16 1
1600 18 0.0109513 1.00614e-16 1
1600 19 0.0110029 3.1225e-17 1
1600 20 0.0110029 5.20417e-17 1
1600 21 0.0109513 -1.76942e-16 1
1600 22 0.010848 -1.2837e-16 1
1600 23 0.0106923 -2.32453e-16 1
1600 24 0.0104834 -7.28584e-17 1
1600 25 0.0102204 -3.53884e-16 1
1600 26 0.00990184 -3.67761e-16 1
1600 27 0.00952625 -5.6205e-16 1
1600 28 0.00909183 -4.4062e-16 1
1600 29 0.00859659 -6.34909e-16 1
1600 30 0.00803833 -6.14092e-16 1
1600 31 0.00741464 -7.94503e-16 1
1600 32 0.00672295 -6.76542e-16 1
1600 33 0.00596053 -8.8124e-16 1
1600 34 0.00512452 -9.15934e-16 1
1600 35 0.0042119 -1.08594e-15 1
1600 36 0.00321959 -1.0443e-15 1
1600 37 0.00214441 -1.06859e-15 1
1600 38 0.000983118 -1.08247e-15 1
1600 39 0 0 1

# Timestep: 1700
1700 0 0 0 1
1700 1 0.00100866 1.16573e-15 1
1700 2 0.00220171 1.1241e-15 1
1700 3 0.00330827 9.85323e-16 1
1700 4 0.00433136 9.85323e-16 1
1700 5 0.00527398 9.08995e-16 1
1700 6 0.006139 9.05526e-16 1
1700 7 0.00692924 6.59195e-16 1
1700 8 0.00764739 6.83481e-16 1
1700 9 0.00829599 6.80012e-16 1
1700 10 0.00887747 7.04298e-16 1
1700 11 0.00939406 5.68989e-16 1
1700 12 0.00984782 4.96131e-16 1
1700 13 0.0102406 4.57967e-16 1
1700 14 0.0105742 3.36536e-16 1
1700 15 0.0108498 2.01228e-16 1
1700 16 0.0110689 2.70617e-16 1
1700 17 0.0112323 2.11636e-16 1
1700 18 0.0113408 1.07553e-16 1
1700 19 0.011395 1.73472e-17 1
1700 20 0.011395 -6.245e-17 1
1700 21 0.0113408 -1.35308e-16 1
1700 22 0.0112323 -2.60209e-16 1
1700 23 0.0110689 -2.60209e-16 1
1700 24 0.0108498 -3.29597e-16 1
1700 25 0.0105742 -4.57967e-16 1
1700 26 0.0102406 -3.92048e-16 1
1700 27 0.00984782 -5.41234e-16 1
1700 28 0.00939406 -5.37764e-16 1
1700 29 0.00887747 -6.10623e-16 1
1700 30 0.00829599 -6.8695e-16 1
1700 31 0.00764739 -7.04298e-16 1
1700 32 0.00692924 -7.38992e-16 1
1700 33 0.006139 -8.50015e-16 1
1700 34 0.00527398 -1.00267e-15 1
1700 35 0.00433136 -1.02349e-15 1
1700 36 0.00330827 -1.20043e-15 1
1700 37 0.00220171 -1.19696e-15 1
1700 38 0.00100866 -1.23512e-15 1
1700 39 0 0 1

# Timestep: 1800
1800 0 0 0 1
1800 1 0.00103255 1.1241e-15 1
1800 2 0.00225533 1.05471e-15 1
1800 3 0.00339125 1.02002e-15 1
1800 4 0.00444316 9.61037e-16 1
1800 5 0.00541385 8.7777e-16 1
1800 6 0.00630602 8.18789e-16 1
1800 7 0.0071223 7.18176e-16 1
1800 8 0.00786521 7.35523e-16 1
1800 9 0.00853713 6.21031e-16 1
1800 10 0.00914033 6.52256e-16 1
1800 11 0.0096769 4.96131e-16 1
1800 12 0.0101488 4.92661e-16 1
1800 13 0.0105577 4.47559e-16 1
1800 14 0.0109052 4.89192e-16 1
1800 15 0.0111927 3.46945e-16 1
1800 16 0.0114214 4.05925e-16 1
1800 17 0.011592 3.43475e-16 1
1800 18 0.0117054 3.43475e-16 1
1800 19 0.0117619 1.73472e-17 1
1800 20 0.0117619 -1.31839e-16 1
1800 21 0.0117054 -3.29597e-16 1
1800 22 0.011592 -2.67147e-16 1
1800 23 0.0114214 -4.02456e-16 1
1800 24 0.0111927 -3.19189e-16 1
1800 25 0.0109052 -4.19803e-16 1
1800 26 0.0105577 -3.64292e-16 1
1800 27 0.0101488 -4.09395e-16 1
1800 28 0.0096769 -3.71231e-16 1
1800 29 0.00914033 -6.07153e-16 1
1800 30 0.00853713 -6.52256e-16 1
1800 31 0.00786521 -7.56339e-16 1
1800 32 0.0071223 -8.74301e-16 1
1800 33 0.00630602 -9.99201e-16 1
1800 34 0.00541385 -9.33281e-16 1
1800 35 0.00444316 -1.06512e-15 1
1800 36 0.00339125 -1.0339e-15 1
1800 37 0.00225533 -1.15186e-15 1
1800 38 0.00103255 -1.15186e-15 1
1800 39 0 0 1

# Timestep: 1900
1900 0 0 0 1
1900 1 0.00105492 1.10675e-15 1
1900 2 0.00230551 1.08594e-15 1
1900 3 0.00346891 9.61037e-16 1
1900 4 0.00454779 1.04083e-15 1
1900 5 0.00554475 9.81853e-16 1
1900 6 0.00646232 8.04912e-16 1
1900 7 0.00730298 7.14706e-16 1
1900 8 0.00806906 6.83481e-16 1
1900 9 0.00876281 7.77156e-16 1
1900 10 0.00938634 6.8695e-16 1
1900 11 0.00994161 6.10623e-16 1
1900 12 0.0104304 3.92048e-16 1
1900 13 0.0108544 3.36536e-16 1
1900 14 0.0112151 2.81025e-16 1
1900 15 0.0115137 2.63678e-16 1
1900 16 0.0117512 1.73472e-16 1
1900 17 0.0119286 1.94289e-16 1
1900 18 0.0120465 1.35308e-16 1
1900 19 0.0121054 5.89806e-17 1
1900 20 0.0121054 -5.55112e-17 1
1900 21 0.0120465 -1.17961e-16 1
1900 22 0.0119286 -2.28983e-16 1
1900 23 0.0117512 -2.04697e-16 1
1900 24 0.0115137 -1.76942e-16 1
1900 25 0.0112151 -2.74086e-16 1
1900 26 0.0108544 -3.46945e-16 1
1900 27 0.0104304 -4.75314e-16 1
1900 28 0.00994161 -5.72459e-16 1
1900 29 0.00938634 -6.17562e-16 1
1900 30 0.00876281 -6.83481e-16 1
1900 31 0.00806906 -7.35523e-16 1
1900 32 0.00730298 -7.66748e-16 1
1900 33 0.00646232 -7.49401e-16 1
1900 34 0.00554475 -8.70831e-16 1
1900 35 0.00454779 -9.99201e-16 1
1900 36 0.00346891 -1.03043e-15 1
1900 37 0.00230551 -1.12757e-15 1
1900 38 0.00105492 -1.08247e-15 1
1900 39 0 0 1

# Timestep: 2000
2000 0 0 0 1
2000 1 0.00107585 1.1241e-15 1
2000 2 0.00235247 1.07206e-15 1
2000 3 0.00354159 1.08247e-15 1
2000 4 0.0046457 9.99201e-16 1
2000 5 0.00566725 9.78384e-16 1
2000 6 0.0066086 8.11851e-16 1
2000 7 0.00747207 8.46545e-16 1
2000 8 0.00825984 6.48787e-16 1
2000 9 0.00897401 7.38992e-16 1
2000 10 0.00961657 5.58581e-16 1
2000 11 0.0101893 5.86337e-16 1
2000 12 0.010694 4.09395e-16 1
2000 13 0.0111322 4.47559e-16 1
2000 14 0.0115051 3.33067e-16 1
2000 15 0.011814 3.67761e-16 1
2000 16 0.01206 2.22045e-16 1
2000 17 0.0122437 1.42247e-16 1
2000 18 0.0123658 0 1
2000 19 0.0124268 1.04083e-17 1
2000 20 0.0124268 -2.39392e-16 1
2000 21 0.0123658 -3.46945e-17 1
2000 22 0.0122437 -1.94289e-16 1
2000 23 0.01206 -2.84495e-16 1
2000 24 0.011814 -3.1572e-16 1
2000 25 0.0115051 -4.09395e-16 1
2000 26 0.0111322 -3.85109e-16 1
2000 27 0.010694 -4.92661e-16 1
2000 28 0.0101893 -5.34295e-16 1
2000 29 0.00961657 -6.66134e-16 1
2000 30 0.00897401 -6.00214e-16 1
2000 31 0.00825984 -6.76542e-16 1
2000 32 0.00747207 -6.55725e-16 1
2000 33 0.0066086 -9.26342e-16 1
2000 34 0.00566725 -9.22873e-16 1
2000 35 0.0046457 -1.08941e-15 1
2000 36 0.00354159 -1.02349e-15 1
2000 37 0.00235247 -1.15533e-15 1
2000 38 0.00107585 -1.11022e-15 1
2000 39 0 0 1

# Timestep: 2100
2100 0 0 0 1
2100 1 0.00109544 1.10328e-15 1
2100 2 0.00239641 9.71445e-16 1
2100 3 0.00360961 1.09981e-15 1
2100 4 0.00473734 8.63892e-16 1
2100 5 0.0057819 9.33281e-16 1
2100 6 0.00674551 7.70217e-16 1
2100 7 0.00763031 8.8124e-16 1
2100 8 0.00843838 7.32053e-16 1
2100 9 0.00917168 7.25114e-16 1
2100 10 0.00983204 5.58581e-16 1
2100 11 0.0104212 5.6552e-16 1
2100 12 0.0109407 4.19803e-16 1
2100 13 0.0113921 3.747e-16 1
2100 14 0.0117765 2.01228e-16 1
2100 15 0.0120951 2.5327e-16 1
2100 16 0.0123489 2.77556e-16 1
2100 17 0.0125385 2.81025e-16 1
2100 18 0.0126646 2.18575e-16 1
2100 19 0.0127276 1.00614e-16 1
2100 20 0.0127276 2.08167e-17 1
2100 21 0.0126646 -3.46945e-17 1
2100 22 0.0125385 -2.25514e-16 1
2100 23 0.0123489 -2.11636e-16 1
2100 24 0.0120951 -2.56739e-16 1
2100 25 0.0117765 -3.95517e-16 1
2100 26 0.0113921 -3.26128e-16 1
2100 27 0.0109407 -3.50414e-16 1
2100 28 0.0104212 -3.747e-16 1
2100 29 0.00983204 -5.86337e-16 1
2100 30 0.00917168 -5.58581e-16 1
2100 31 0.00843838 -6.41848e-16 1
2100 32 0.00763031 -6.76542e-16 1
2100 33 0.00674551 -7.80626e-16 1
2100 34 0.0057819 -8.08381e-16 1
2100 35 0.00473734 -8.91648e-16 1
2100 36 0.00360961 -9.4022e-16 1
2100 37 0.00239641 -1.06512e-15 1
2100 38 0.00109544 -1.10328e-15 1
2100 39 0 0 1

# Timestep: 2200
2200 0 0 0 1
2200 1 0.00111377 1.12757e-15 1
2200 2 0.00243755 1.18655e-15 1
2200 3 0.00367326 1.23512e-15 1
2200 4 0.0048231 1.0443e-15 1
2200 5 0.00588919 9.64506e-16 1
2200 6 0.00687363 8.60423e-16 1
2200 7 0.00777841 9.22873e-16 1
2200 8 0.00860548 6.93889e-16 1
2200 9 0.00935666 5.86337e-16 1
2200 10 0.0100337 5.41234e-16 1
2200 11 0.0106382 6.2797e-16 1
2200 12 0.0111716 5.55112e-16 1
2200 13 0.0116353 4.68375e-16 1
2200 14 0.0120305 4.4062e-16 1
2200 15 0.0123582 3.50414e-16 1
2200 16 0.0126193 2.91434e-16 1
2200 17 0.0128145 2.46331e-16 1
2200 18 0.0129443 7.28584e-17 1
2200 19 0.0130091 -6.93889e-18 1
2200 20 0.0130091 -6.93889e-18 1
2200 21 0.0129443 -7.28584e-17 1
2200 22 0.0128145 -3.05311e-16 1
2200 23 0.0126193 -2.77556e-16 1
2200 24 0.0123582 -2.46331e-16 1
2200 25 0.0120305 -3.36536e-16 1
2200 26 0.0116353 -3.26128e-16 1
2200 27 0.0111716 -4.68375e-16 1
2200 28 0.0106382 -5.16948e-16 1
2200 29 0.0100337 -6.69603e-16 1
2200 30 0.00935666 -7.07767e-16 1
2200 31 0.00860548 -7.11237e-16 1
2200 32 0.00777841 -9.29812e-16 1
2200 33 0.00687363 -7.84095e-16 1
2200 34 0.00588919 -1.11022e-15 1
2200 35 0.0048231 -9.88792e-16 1
2200 36 0.00367326 -1.14145e-15 1
2200 37 0.00243755 -1.05818e-15 1
2200 38 0.00111377 -1.13798e-15 1
2200 39 0 0 1

# Timestep: 2300
2300 0 0 0 1
2300 1 0.00113093 1.15186e-15 1
2300 2 0.00247604 1.05124e-15 1
2300 3 0.00373284 9.88792e-16 1
2300 4 0.00490336 9.61037e-16 1
2300 5 0.00598961 8.36137e-16 1
2300 6 0.00699354 8.1532e-16 1
2300 7 0.00791702 6.76542e-16 1
2300 8 0.00876186 6.97359e-16 1
2300 9 0.00952979 6.8695e-16 1
2300 10 0.0102224 6.14092e-16 1
2300 11 0.0108413 5.0307e-16 1
2300 12 0.0113877 5.41234e-16 1
2300 13 0.011863 5.79398e-16 1
2300 14 0.0122682 4.71845e-16 1
2300 15 0.0126044 3.33067e-16 1
2300 16 0.0128724 2.67147e-16 1
2300 17 0.0130727 2.11636e-16 1
2300 18 0.013206 4.85723e-17 1
2300 19 0.0132726 6.59195e-17 1
2300 20 0.0132726 2.08167e-17 1
2300 21 0.013206 5.20417e-17 1
2300 22 0.0130727 -1.8735e-16 1
2300 23 0.0128724 -1.63064e-16 1
2300 24 0.0126044 -2.46331e-16 1
2300 25 0.0122682 -3.22659e-16 1
2300 26 0.011863 -4.89192e-16 1
2300 27 0.0113877 -4.19803e-16 1
2300 28 0.0108413 -5.23886e-16 1
2300 29 0.0102224 -5.96745e-16 1
2300 30 0.00952979 -6.97359e-16 1
2300 31 0.00876186 -6.80012e-16 1
2300 32 0.00791702 -7.70217e-16 1
2300 33 0.00699354 -8.46545e-16 1
2300 34 0.00598961 -9.78384e-16 1
2300 35 0.00490336 -1.08594e-15 1
2300 36 0.00373284 -1.05471e-15 1
2300 37 0.00247604 -1.05124e-15 1
2300 38 0.00113093 -1.13798e-15 1
2300 39 0 0 1

# Timestep: 2400
2400 0 0 0 1
2400 1 0.00114699 1.14145e-15 1
2400 2 0.00251206 1.11716e-15 1
2400 3 0.00378859 8.32667e-16 1
2400 4 0.00497848 8.01442e-16 1
2400 5 0.00608359 9.02056e-16 1
2400 6 0.00710575 7.91034e-16 1
2400 7 0.00804673 8.25728e-16 1
2400 8 0.00890822 6.52256e-16 1
2400 9 0.00969182 6.34909e-16 1
2400 10 0.010399 4.68375e-16 1
2400 11 0.0110313 6.73073e-16 1
2400 12 0.0115899 4.64906e-16 1
2400 13 0.012076 5.96745e-16 1
2400 14 0.0124907 3.33067e-16 1
2400 15 0.0128348 3.60822e-16 1
2400 16 0.0131092 2.25514e-16 1
2400 17 0.0133144 1.63064e-16 1
2400 18 0.013451 3.46945e-17 1
2400 19 0.0135192 1.249e-16 1
2400 20 0.0135192 -4.85723e-17 1
2400 21 0.013451 4.51028e-17 1
2400 22 0.0133144 -2.22045e-16 1
2400 23 0.0131092 -4.85723e-17 1
2400 24 0.0128348 -3.98986e-16 1
2400 25 0.0124907 -2.56739e-16 1
2400 26 0.012076 -5.93275e-16 1
2400 27 0.0115899 -3.57353e-16 1
2400 28 0.0110313 -6.34909e-16 1
2400 29 0.010399 -4.89192e-16 1
2400 30 0.00969182 -7.21645e-16 1
2400 31 0.00890822 -6.17562e-16 1
2400 32 0.00804673 -9.26342e-16 1
2400 33 0.00710575 -8.50015e-16 1
2400 34 0.00608359 -9.99201e-16 1
2400 35 0.00497848 -9.78384e-16 1
2400 36 0.00378859 -1.00614e-15 1
2400 37 0.00251206 -1.11369e-15 1
2400 38 0.00114699 -1.09635e-15 1
2400 39 0 0 1

# Timestep: 2500
2500 0 0 0 1
2500 1 0.00116202 1.13104e-15 1
2500 2 0.00254578 1.12757e-15 1
2500 3 0.00384077 1.07553e-15 1
2500 4 0.00504877 1.03736e-15 1
2500 5 0.00617154 9.36751e-16 1
2500 6 0.00721078 9.22873e-16 1
2500 7 0.00816813 9.64506e-16 1
2500 8 0.00904519 8.36137e-16 1
2500 9 0.00984345 7.42462e-16 1
2500 10 0.0105643 6.03684e-16 1
2500 11 0.0112092 7.42462e-16 1
2500 12 0.0117792 4.02456e-16 1
2500 13 0.0122754 5.10009e-16 1
2500 14 0.0126989 1.9082e-16 1
2500 15 0.0130505 3.67761e-16 1
2500 16 0.0133309 3.81639e-17 1
2500 17 0.0135406 2.74086e-16 1
2500 18 0.0136802 5.55112e-17 1
2500 19 0.01375 1.56125e-16 1
2500 20 0.01375 -1.04083e-16 1
2500 21 0.0136802 6.59195e-17 1
2500 22 0.0135406 -2.35922e-16 1
2500 23 0.0133309 -3.81639e-17 1
2500 24 0.0130505 -2.84495e-16 1
2500 25 0.0126989 -8.67362e-17 1
2500 26 0.0122754 -5.23886e-16 1
2500 27 0.0117792 -3.46945e-16 1
2500 28 0.0112092 -7.77156e-16 1
2500 29 0.0105643 -4.57967e-16 1
2500 30 0.00984345 -8.22259e-16 1
2500 31 0.00904519 -5.20417e-16 1
2500 32 0.00816813 -8.67362e-16 1
2500 33 0.00721078 -7.32053e-16 1
2500 34 0.00617154 -9.15934e-16 1
2500 35 0.00504877 -1.00267e-15 1
2500 36 0.00384077 -1.02696e-15 1
2500 37 0.00254578 -1.19002e-15 1
2500 38 0.00116202 -1.19349e-15 1
2500 39 0 0 1

# Timestep: 2600
2600 0 0 0 1
2600 1 0.00117608 1.14145e-15 1
2600 2 0.00257733 1.07206e-15 1
2600 3 0.0038896 1.06859e-15 1
2600 4 0.00511457 1.01308e-15 1
2600 5 0.00625385 9.26342e-16 1
2600 6 0.00730907 8.36137e-16 1
2600 7 0.00828175 8.70831e-16 1
2600 8 0.00917338 8.53484e-16 1
2600 9 0.00998537 8.29198e-16 1
2600 10 0.010719 4.57967e-16 1
2600 11 0.0113756 6.03684e-16 1
2600 12 0.0119563 3.29597e-16 1
2600 13 0.012462 5.10009e-16 1
2600 14 0.0128938 9.02056e-17 1
2600 15 0.0132523 3.29597e-16 1
2600 16 0.0135383 -4.16334e-17 1
2600 17 0.0137523 3.08781e-16 1
2600 18 0.0138948 2.77556e-17 1
2600 19 0.0139659 2.28983e-16 1
2600 20 0.0139659 -2.42861e-17 1
2600 21 0.0138948 1.00614e-16 1
2600 22 0.0137523 -1.9082e-16 1
2600 23 0.0135383 -2.08167e-17 1
2600 24 0.0132523 -3.36536e-16 1
2600 25 0.0128938 -1.21431e-16 1
2600 26 0.012462 -5.68989e-16 1
2600 27 0.0119563 -4.02456e-16 1
2600 28 0.0113756 -5.82867e-16 1
2600 29 0.010719 -5.16948e-16 1
2600 30 0.00998537 -8.25728e-16 1
2600 31 0.00917338 -7.49401e-16 1
2600 32 0.00828175 -8.84709e-16 1
2600 33 0.00730907 -8.60423e-16 1
2600 34 0.00625385 -9.4022e-16 1
2600 35 0.00511457 -1.04777e-15 1
2600 36 0.0038896 -1.1588e-15 1
2600 37 0.00257733 -1.0443e-15 1
2600 38 0.00117608 -1.13798e-15 1
2600 39 0 0 1

# Timestep: 2700
2700 0 0 0 1
2700 1 0.00118924 1.11369e-15 1
2700 2 0.00260686 1.02349e-15 1
2700 3 0.00393531 1.06512e-15 1
2700 4 0.00517614 9.92262e-16 1
2700 5 0.00633089 1.02696e-15 1
2700 6 0.00740106 8.11851e-16 1
2700 7 0.00838808 9.54098e-16 1
2700 8 0.00929335 7.35523e-16 1
2700 9 0.0101182 8.01442e-16 1
2700 10 0.0108638 6.17562e-16 1
2700 11 0.0115314 6.62664e-16 1
2700 12 0.012122 4.33681e-16 1
2700 13 0.0126367 5.16948e-16 1
2700 14 0.0130761 1.8735e-16 1
2700 15 0.0134412 4.09395e-16 1
2700 16 0.0137325 7.97973e-17 1
2700 17 0.0139505 2.498e-16 1
2700 18 0.0140956 -1.17961e-16 1
2700 19 0.0141681 6.59195e-17 1
2700 20 0.0141681 -1.80411e-16 1
2700 21 0.0140956 9.71445e-17 1
2700 22 0.0139505 -9.71445e-17 1
2700 23 0.0137325 -1.04083e-17 1
2700 24 0.0134412 -4.54498e-16 1
2700 25 0.0130761 -1.70003e-16 1
2700 26 0.0126367 -5.68989e-16 1
2700 27 0.012122 -2.60209e-16 1
2700 28 0.0115314 -7.32053e-16 1
2700 29 0.0108638 -3.67761e-16 1
2700 30 0.0101182 -9.12465e-16 1
2700 31 0.00929335 -6.80012e-16 1
2700 32 0.00838808 -9.88792e-16 1
2700 33 0.00740106 -7.91034e-16 1
2700 34 0.00633089 -1.04083e-15 1
2700 35 0.00517614 -1.01655e-15 1
2700 36 0.00393531 -1.06165e-15 1
2700 37 0.00260686 -9.81853e-16 1
2700 38 0.00118924 -1.15186e-15 1
2700 39 0 0 1

# Timestep: 2800
2800 0 0 0 1
2800 1 0.00120156 1.21084e-15 1
2800 2 0.0026345 1.12063e-15 1
2800 3 0.00397808 1.10675e-15 1
2800 4 0.00523376 9.50628e-16 1
2800 5 0.00640299 8.50015e-16 1
2800 6 0.00748715 8.43076e-16 1
2800 7 0.00848759 9.12465e-16 1
2800 8 0.00940563 6.80012e-16 1
2800 9 0.0102425 7.66748e-16 1
2800 10 0.0109993 5.82867e-16 1
2800 11 0.0116772 7.04298e-16 1
2800 12 0.0122772 4.12864e-16 1
2800 13 0.0128001 5.55112e-16 1
2800 14 0.0132468 2.42861e-16 1
2800 15 0.0136179 3.50414e-16 1
2800 16 0.0139141 -1.97758e-16 1
2800 17 0.0141359 3.29597e-16 1
2800 18 0.0142835 -1.94289e-16 1
2800 19 0.0143572 2.63678e-16 1
2800 20 0.0143572 -3.50414e-16 1
2800 21 0.0142835 9.36751e-17 1
2800 22 0.0141359 -5.48173e-16 1
2800 23 0.0139141 4.16334e-17 1
2800 24 0.0136179 -5.58581e-16 1
2800 25 0.0132468 -2.28983e-16 1
2800 26 0.0128001 -6.8695e-16 1
2800 27 0.0122772 -2.22045e-16 1
2800 28 0.0116772 -7.35523e-16 1
2800 29 0.0109993 -3.85109e-16 1
2800 30 0.0102425 -9.71445e-16 1
2800 31 0.00940563 -7.94503e-16 1
2800 32 0.00848759 -1.05471e-15 1
2800 33 0.00748715 -8.39606e-16 1
2800 34 0.00640299 -1.02696e-15 1
2800 35 0.00523376 -9.54098e-16 1
2800 36 0.00397808 -1.23512e-15 1
2800 37 0.0026345 -1.14492e-15 1
2800 38 0.00120156 -1.20737e-15 1
2800 39 0 0 1

# Timestep: 2900
2900 0 0 0 1
2900 1 0.00121309 1.14839e-15 1
2900 2 0.00266037 1.12063e-15 1
2900 3 0.00401811 1.18655e-15 1
2900 4 0.0052877 1.06859e-15 1
2900 5 0.00647046 1.02349e-15 1
2900 6 0.00756772 6.73073e-16 1
2900 7 0.00858073 9.12465e-16 1
2900 8 0.00951071 6.66134e-16 1
2900 9 0.0103588 8.46545e-16 1
2900 10 0.0111261 6.66134e-16 1
2900 11 0.0118137 7.56339e-16 1
2900 12 0.0124224 3.46945e-16 1
2900 13 0.0129531 7.04298e-16 1
2900 14 0.0134065 3.1572e-16 1
2900 15 0.0137834 6.38378e-16 1
2900 16 0.0140842 1.56125e-16 1
2900 17 0.0143094 2.77556e-16 1
2900 18 0.0144594 -3.81639e-17 1
2900 19 0.0145343 1.94289e-16 1
2900 20 0.0145343 -1.76942e-16 1
2900 21 0.0144594 5.89806e-17 1
2900 22 0.0143094 -2.42861e-16 1
2900 23 0.0140842 -4.51028e-17 1
2900 24 0.0137834 -4.16334e-16 1
2900 25 0.0134065 -2.42861e-16 1
2900 26 0.0129531 -5.37764e-16 1
2900 27 0.0124224 -3.01842e-16 1
2900 28 0.0118137 -7.45931e-16 1
2900 29 0.0111261 -5.27356e-16 1
2900 30 0.0103588 -7.63278e-16 1
2900 31 0.00951071 -5.6552e-16 1
2900 32 0.00858073 -8.63892e-16 1
2900 33 0.00756772 -6.55725e-16 1
2900 34 0.00647046 -1.06512e-15 1
2900 35 0.0052877 -8.91648e-16 1
2900 36 0.00401811 -9.99201e-16 1
2900 37 0.00266037 -9.61037e-16 1
2900 38 0.00121309 -1.13104e-15 1
2900 39 0 0 1

# Timestep: 3000
3000 0 0 0 1
3000 1 0.00122388 1.17267e-15 1
3000 2 0.00268457 1.06512e-15 1
3000 3 0.00405558 1.19349e-15 1
3000 4 0.00533817 8.01442e-16 1
3000 5 0.00653361 8.98587e-16 1
3000 6 0.00764312 6.48787e-16 1
3000 7 0.00866789 8.53484e-16 1
3000 8 0.00960905 5.72459e-16 1
3000 9 0.0104677 9.26342e-16 1
3000 10 0.0112448 4.996e-16 1
3000 11 0.0119414 7.91034e-16 1
3000 12 0.0125583 3.1572e-16 1
3000 13 0.0130962 5.75928e-16 1
3000 14 0.013556 1.52656e-16 1
3000 15 0.0139382 3.50414e-16 1
3000 16 0.0142433 -3.46945e-18 1
3000 17 0.0144718 2.84495e-16 1
3000 18 0.014624 -8.32667e-17 1
3000 19 0.0147 1.11022e-16 1
3000 20 0.0147 -2.60209e-16 1
3000 21 0.014624 -4.85723e-17 1
3000 22 0.0144718 -3.88578e-16 1
3000 23 0.0142433 -2.04697e-16 1
3000 24 0.0139382 -5.51642e-16 1
3000 25 0.013556 -3.71231e-16 1
3000 26 0.0130962 -5.75928e-16 1
3000 27 0.0125583 -3.22659e-16 1
3000 28 0.0119414 -8.01442e-16 1
3000 29 0.0112448 -4.75314e-16 1
3000 30 0.0104677 -8.95117e-16 1
3000 31 0.00960905 -7.11237e-16 1
3000 32 0.00866789 -9.36751e-16 1
3000 33 0.00764312 -8.25728e-16 1
3000 34 0.00653361 -9.99201e-16 1
3000 35 0.00533817 -8.95117e-16 1
3000 36 0.00405558 -1.05818e-15 1
3000 37 0.00268457 -1.0443e-15 1
3000 38 0.00122388 -1.13798e-15 1
3000 39 0 0 1

# Timestep: 3100
3100 0 0 0 1
3100 1 0.00123398 1.11369e-15 1
3100 2 0.00270723 1.05124e-15 1
3100 3 0.00409064 1.11369e-15 1
3100 4 0.0053854 8.04912e-16 1
3100 5 0.00659271 1.03043e-15 1
3100 6 0.00771369 7.63278e-16 1
3100 7 0.00874946 9.67976e-16 1
3100 8 0.00970109 6.07153e-16 1
3100 9 0.0105696 8.63892e-16 1
3100 10 0.0113559 4.71845e-16 1
3100 11 0.0120609 7.14706e-16 1
3100 12 0.0126854 2.46331e-16 1
3100 13 0.0132302 5.48173e-16 1
3100 14 0.0136959 1.8735e-16 1
3100 15 0.0140831 5.6552e-16 1
3100 16 0.0143923 1.52656e-16 1
3100 17 0.0146238 2.87964e-16 1
3100 18 0.014778 -4.51028e-17 1
3100 19 0.014855 1.04083e-16 1
3100 20 0.014855 -2.91434e-16 1
3100 21 0.014778 -4.16334e-17 1
3100 22 0.0146238 -4.05925e-16 1
3100 23 0.0143923 -2.01228e-16 1
3100 24 0.0140831 -5.30825e-16 1
3100 25 0.0136959 -2.11636e-16 1
3100 26 0.0132302 -6.21031e-16 1
3100 27 0.0126854 -3.81639e-16 1
3100 28 0.0120609 -7.07767e-16 1
3100 29 0.0113559 -4.85723e-16 1
3100 30 0.0105696 -8.67362e-16 1
3100 31 0.00970109 -6.69603e-16 1
3100 32 0.00874946 -9.08995e-16 1
3100 33 0.00771369 -8.63892e-16 1
3100 34 0.00659271 -9.95731e-16 1
3100 35 0.0053854 -1.15533e-15 1
3100 36 0.00409064 -1.32186e-15 1
3100 37 0.00270723 -1.14839e-15 1
3100 38 0.00123398 -1.16573e-15 1
3100 39 0 0 1

# Timestep: 3200
3200 0 0 0 1
3200 1 0.00124343 1.17961e-15 1
3200 2 0.00272843 1.10675e-15 1
3200 3 0.00412345 1.14839e-15 1
3200 4 0.00542961 9.95731e-16 1
3200 5 0.00664802 1.09981e-15 1
3200 6 0.00777974 8.63892e-16 1
3200 7 0.00882581 9.4022e-16 1
3200 8 0.00978723 6.73073e-16 1
3200 9 0.0106649 6.8695e-16 1
3200 10 0.0114598 4.82253e-16 1
3200 11 0.0121727 5.0307e-16 1
3200 12 0.0128044 5.0307e-16 1
3200 13 0.0133556 4.02456e-16 1
3200 14 0.0138269 3.64292e-16 1
3200 15 0.0142187 2.70617e-16 1
3200 16 0.0145317 3.46945e-18 1
3200 17 0.0147661 4.85723e-17 1
3200 18 0.0149222 -1.00614e-16 1
3200 19 0.0150002 8.67362e-17 1
3200 20 0.0150002 -2.35922e-16 1
3200 21 0.0149222 -4.51028e-17 1
3200 22 0.0147661 -3.05311e-16 1
3200 23 0.0145317 -1.21431e-16 1
3200 24 0.0142187 -4.23273e-16 1
3200 25 0.0138269 -2.56739e-16 1
3200 26 0.0133556 -5.10009e-16 1
3200 27 0.0128044 -3.88578e-16 1
3200 28 0.0121727 -7.18176e-16 1
3200 29 0.0114598 -5.6205e-16 1
3200 30 0.0106649 -7.97973e-16 1
3200 31 0.00978723 -8.32667e-16 1
3200 32 0.00882581 -9.4369e-16 1
3200 33 0.00777974 -8.43076e-16 1
3200 34 0.00664802 -1.00267e-15 1
3200 35 0.00542961 -1.01308e-15 1
3200 36 0.00412345 -1.11716e-15 1
3200 37 0.00272843 -1.11369e-15 1
3200 38 0.00124343 -1.19349e-15 1
3200 39 0 0 1

# Timestep: 3300
3300 0 0 0 1
3300 1 0.00125227 1.21084e-15 1
3300 2 0.00274827 1.14145e-15 1
3300 3 0.00415416 1.08594e-15 1
3300 4 0.00547099 9.26342e-16 1
3300 5 0.00669978 1.08594e-15 1
3300 6 0.00784155 8.46545e-16 1
3300 7 0.00889725 8.98587e-16 1
3300 8 0.00986784 5.96745e-16 1
3300 9 0.0107542 6.45317e-16 1
3300 10 0.0115571 3.1572e-16 1
3300 11 0.0122774 6.14092e-16 1
3300 12 0.0129158 2.67147e-16 1
3300 13 0.013473 6.8695e-16 1
3300 14 0.0139494 2.32453e-16 1
3300 15 0.0143456 4.71845e-16 1
3300 16 0.0146621 2.77556e-17 1
3300 17 0.0148992 3.1225e-16 1
3300 18 0.0150571 -1.45717e-16 1
3300 19 0.015136 1.59595e-16 1
3300 20 0.015136 -2.70617e-16 1
3300 21 0.0150571 -6.93889e-18 1
3300 22 0.0148992 -4.33681e-16 1
3300 23 0.0146621 -1.2837e-16 1
3300 24 0.0143456 -5.41234e-16 1
3300 25 0.0139494 -3.50414e-16 1
3300 26 0.013473 -6.10623e-16 1
3300 27 0.0129158 -3.88578e-16 1
3300 28 0.0122774 -6.62664e-16 1
3300 29 0.0115571 -5.6552e-16 1
3300 30 0.0107542 -7.94503e-16 1
3300 31 0.00986784 -7.14706e-16 1
3300 32 0.00889725 -9.15934e-16 1
3300 33 0.00784155 -8.70831e-16 1
3300 34 0.00669978 -1.06165e-15 1
3300 35 0.00547099 -1.06165e-15 1
3300 36 0.00415416 -1.17961e-15 1
3300 37 0.00274827 -1.0339e-15 1
3300 38 0.00125227 -1.16573e-15 1
3300 39 0 0 1

# Timestep: 3400
3400 0 0 0 1
3400 1 0.00126055 1.26982e-15 1
3400 2 0.00276684 1.21778e-15 1
3400 3 0.0041829 1.14492e-15 1
3400 4 0.00550971 8.91648e-16 1
3400 5 0.00674822 9.19403e-16 1
3400 6 0.00789939 7.94503e-16 1
3400 7 0.00896412 7.59809e-16 1
3400 8 0.00994328 3.71231e-16 1
3400 9 0.0108377 6.17562e-16 1
3400 10 0.0116482 4.75314e-16 1
3400 11 0.0123754 6.14092e-16 1
3400 12 0.0130201 3.67761e-16 1
3400 13 0.0135828 4.47559e-16 1
3400 14 0.0140641 1.94289e-16 1
3400 15 0.0144644 3.95517e-16 1
3400 16 0.0147842 2.77556e-17 1
3400 17 0.0150238 3.1225e-16 1
3400 18 0.0151834 -9.36751e-17 1
3400 19 0.0152631 1.73472e-16 1
3400 20 0.0152631 -2.70617e-16 1
3400 21 0.0151834 4.85723e-17 1
3400 22 0.0150238 -4.26742e-16 1
3400 23 0.0147842 6.93889e-18 1
3400 24 0.0144644 -5.72459e-16 1
3400 25 0.0140641 -3.64292e-16 1
3400 26 0.0135828 -6.52256e-16 1
3400 27 0.0130201 -4.16334e-16 1
3400 28 0.0123754 -6.2797e-16 1
3400 29 0.0116482 -4.96131e-16 1
3400 30 0.0108377 -6.59195e-16 1
3400 31 0.00994328 -7.07767e-16 1
3400 32 0.00896412 -9.19403e-16 1
3400 33 0.00789939 -9.4369e-16 1
3400 34 0.00674822 -1.00614e-15 1
3400 35 0.00550971 -9.19403e-16 1
3400 36 0.0041829 -1.0339e-15 1
3400 37 0.00276684 -1.07553e-15 1
3400 38 0.00126055 -1.13798e-15 1
3400 39 0 0 1

# Timestep: 3500
3500 0 0 0 1
3500 1 0.0012683 1.17614e-15 1
3500 2 0.00278422 1.11022e-15 1
3500 3 0.0042098 1.15186e-15 1
3500 4 0.00554594 8.22259e-16 1
3500 5 0.00679356 8.84709e-16 1
3500 6 0.00795353 6.80012e-16 1
3500 7 0.0090267 8.74301e-16 1
3500 8 0.0100139 5.48173e-16 1
3500 9 0.0109159 7.28584e-16 1
3500 10 0.0117334 4.44089e-16 1
3500 11 0.0124671 5.82867e-16 1
3500 12 0.0131176 3.7817e-16 1
3500 13 0.0136856 5.37764e-16 1
3500 14 0.0141714 1.66533e-16 1
3500 15 0.0145756 3.64292e-16 1
3500 16 0.0148985 1.07553e-16 1
3500 17 0.0151404 1.9082e-16 1
3500 18 0.0153015 1.73472e-17 1
3500 19 0.0153821 2.35922e-16 1
3500 20 0.0153821 -1.17961e-16 1
3500 21 0.0153015 -2.42861e-17 1
3500 22 0.0151404 -2.25514e-16 1
3500 23 0.0148985 -6.93889e-17 1
3500 24 0.0145756 -3.43475e-16 1
3500 25 0.0141714 -1.42247e-16 1
3500 26 0.0136856 -4.82253e-16 1
3500 27 0.0131176 -3.53884e-16 1
3500 28 0.0124671 -6.03684e-16 1
3500 29 0.0117334 -4.57967e-16 1
3500 30 0.0109159 -7.18176e-16 1
3500 31 0.0100139 -6.41848e-16 1
3500 32 0.0090267 -8.18789e-16 1
3500 33 0.00795353 -7.28584e-16 1
3500 34 0.00679356 -8.74301e-16 1
3500 35 0.00554594 -1.01655e-15 1
3500 36 0.0042098 -1.12063e-15 1
3500 37 0.00278422 -1.11369e-15 1
3500 38 0.0012683 -1.15186e-15 1
3500 39 0 0 1

# Timestep: 3600
3600 0 0 0 1
3600 1 0.00127555 1.19696e-15 1
3600 2 0.00280049 1.06512e-15 1
3600 3 0.00423497 1.17961e-15 1
3600 4 0.00557986 1.02696e-15 1
3600 5 0.00683599 1.1692e-15 1
3600 6 0.0080042 8.91648e-16 1
3600 7 0.00908527 8.98587e-16 1
3600 8 0.01008 6.62664e-16 1
3600 9 0.010989 8.22259e-16 1
3600 10 0.0118131 6.03684e-16 1
3600 11 0.0125529 7.00828e-16 1
3600 12 0.0132089 3.26128e-16 1
3600 13 0.0137818 5.06539e-16 1
3600 14 0.0142719 3.64292e-16 1
3600 15 0.0146796 6.52256e-16 1
3600 16 0.0150054 1.97758e-16 1
3600 17 0.0152495 3.81639e-16 1
3600 18 0.0154121 -1.45717e-16 1
3600 19 0.0154934 1.35308e-16 1
3600 20 0.0154934 -1.83881e-16 1
3600 21 0.0154121 1.07553e-16 1
3600 22 0.0152495 -2.77556e-16 1
3600 23 0.0150054 -5.20417e-17 1
3600 24 0.0146796 -4.96131e-16 1
3600 25 0.0142719 -2.32453e-16 1
3600 26 0.0137818 -4.30211e-16 1
3600 27 0.0132089 -3.43475e-16 1
3600 28 0.0125529 -6.66134e-16 1
3600 29 0.0118131 -5.10009e-16 1
3600 30 0.010989 -6.41848e-16 1
3600 31 0.01008 -6.45317e-16 1
3600 32 0.00908527 -8.43076e-16 1
3600 33 0.0080042 -8.56953e-16 1
3600 34 0.00683599 -9.4369e-16 1
3600 35 0.00557986 -9.36751e-16 1
3600 36 0.00423497 -1.15533e-15 1
3600 37 0.00280049 -1.06512e-15 1
3600 38 0.00127555 -1.13104e-15 1
3600 39 0 0 1

# Timestep: 3700
3700 0 0 0 1
3700 1 0.00128233 1.13104e-15 1
3700 2 0.00281571 1.08941e-15 1
3700 3 0.00425853 1.06512e-15 1
3700 4 0.0056116 1.02002e-15 1
3700 5 0.0068757 8.70831e-16 1
3700 6 0.00805162 8.18789e-16 1
3700 7 0.00914008 9.61037e-16 1
3700 8 0.0101418 6.69603e-16 1
3700 9 0.0110575 7.80626e-16 1
3700 10 0.0118878 5.58581e-16 1
3700 11 0.0126332 7.32053e-16 1
3700 12 0.0132944 4.33681e-16 1
3700 13 0.0138718 5.68989e-16 1
3700 14 0.0143659 3.60822e-16 1
3700 15 0.014777 4.12864e-16 1
3700 16 0.0151055 1.59595e-16 1
3700 17 0.0153516 2.35922e-16 1
3700 18 0.0155156 -5.20417e-17 1
3700 19 0.0155976 5.20417e-17 1
3700 20 0.0155976 -5.55112e-17 1
3700 21 0.0155156 8.32667e-17 1
3700 22 0.0153516 -2.39392e-16 1
3700 23 0.0151055 -1.14492e-16 1
3700 24 0.014777 -3.36536e-16 1
3700 25 0.0143659 -3.1225e-16 1
3700 26 0.0138718 -4.54498e-16 1
3700 27 0.0132944 -4.23273e-16 1
3700 28 0.0126332 -6.76542e-16 1
3700 29 0.0118878 -5.86337e-16 1
3700 30 0.0110575 -7.00828e-16 1
3700 31 0.0101418 -6.31439e-16 1
3700 32 0.00914008 -9.47159e-16 1
3700 33 0.00805162 -8.60423e-16 1
3700 34 0.0068757 -8.95117e-16 1
3700 35 0.0056116 -9.47159e-16 1
3700 36 0.00425853 -1.04777e-15 1
3700 37 0.00281571 -1.03736e-15 1
3700 38 0.00128233 -1.13798e-15 1
3700 39 0 0 1

# Timestep: 3800
3800 0 0 0 1
3800 1 0.00128868 1.12757e-15 1
3800 2 0.00282996 1.07206e-15 1
3800 3 0.00428058 1.02002e-15 1
3800 4 0.0056413 1.00267e-15 1
3800 5 0.00691287 7.70217e-16 1
3800 6 0.008096 8.39606e-16 1
3800 7 0.00919138 7.97973e-16 1
3800 8 0.0101997 7.07767e-16 1
3800 9 0.0111216 7.00828e-16 1
3800 10 0.0119576 5.96745e-16 1
3800 11 0.0127084 5.51642e-16 1
3800 12 0.0133744 4.78784e-16 1
3800 13 0.013956 4.26742e-16 1
3800 14 0.0144538 3.29597e-16 1
3800 15 0.0148681 2.84495e-16 1
3800 16 0.0151992 2.84495e-16 1
3800 17 0.0154472 2.32453e-16 1
3800 18 0.0156125 1.11022e-16 1
3800 19 0.0156951 6.245e-17 1
3800 20 0.0156951 -1.00614e-16 1
3800 21 0.0156125 -1.52656e-16 1
3800 22 0.0154472 -1.70003e-16 1
3800 23 0.0151992 -2.91434e-16 1
3800 24 0.0148681 -2.39392e-16 1
3800 25 0.0144538 -3.1225e-16 1
3800 26 0.013956 -3.22659e-16 1
3800 27 0.0133744 -5.16948e-16 1
3800 28 0.0127084 -4.44089e-16 1
3800 29 0.0119576 -6.10623e-16 1
3800 30 0.0111216 -5.93275e-16 1
3800 31 0.0101997 -8.29198e-16 1
3800 32 0.00919138 -7.00828e-16 1
3800 33 0.008096 -8.56953e-16 1
3800 34 0.00691287 -7.63278e-16 1
3800 35 0.0056413 -1.07206e-15 1
3800 36 0.00428058 -1.11716e-15 1
3800 37 0.00282996 -1.11022e-15 1
3800 38 0.00128868 -1.1241e-15 1
3800 39 0 0 1

# Timestep: 3900
3900 0 0 0 1
3900 1 0.00129462 1.10675e-15 1
3900 2 0.00284329 1.13104e-15 1
3900 3 0.00430122 9.88792e-16 1
3900 4 0.00566911 1.10675e-15 1
3900 5 0.00694765 8.36137e-16 1
3900 6 0.00813753 8.53484e-16 1
3900 7 0.00923939 8.18789e-16 1
3900 8 0.0102539 7.14706e-16 1
3900 9 0.0111815 6.55725e-16 1
3900 10 0.012023 6.21031e-16 1
3900 11 0.0127787 6.45317e-16 1
3900 12 0.0134492 6.17562e-16 1
3900 13 0.0140349 4.71845e-16 1
3900 14 0.0145362 1.8735e-16 1
3900 15 0.0149534 4.12864e-16 1
3900 16 0.0152868 1.66533e-16 1
3900 17 0.0155367 2.74086e-16 1
3900 18 0.0157032 8.67362e-17 1
3900 19 0.0157864 2.25514e-16 1
3900 20 0.0157864 -2.77556e-17 1
3900 21 0.0157032 2.77556e-17 1
3900 22 0.0155367 -3.08781e-16 1
3900 23 0.0152868 -1.11022e-16 1
3900 24 0.0149534 -2.498e-16 1
3900 25 0.0145362 -2.74086e-16 1
3900 26 0.0140349 -4.12864e-16 1
3900 27 0.0134492 -4.23273e-16 1
3900 28 0.0127787 -5.82867e-16 1
3900 29 0.012023 -6.38378e-16 1
3900 30 0.0111815 -6.38378e-16 1
3900 31 0.0102539 -7.45931e-16 1
3900 32 0.00923939 -7.59809e-16 1
3900 33 0.00813753 -7.56339e-16 1
3900 34 0.00694765 -8.39606e-16 1
3900 35 0.00566911 -9.85323e-16 1
3900 36 0.00430122 -9.57567e-16 1
3900 37 0.00284329 -1.05818e-15 1
3900 38 0.00129462 -1.08941e-15 1
3900 39 0 0 1

# Timestep: 4000
4000 0 0 0 1
4000 1 0.00130019 1.07206e-15 1
4000 2 0.00285577 1.06512e-15 1
4000 3 0.00432053 1.08941e-15 1
4000 4 0.00569512 1.08594e-15 1
4000 5 0.0069802 9.88792e-16 1
4000 6 0.0081764 9.54098e-16 1
4000 7 0.00928432 9.47159e-16 1
4000 8 0.0103046 7.59809e-16 1
4000 9 0.0112377 7.28584e-16 1
4000 10 0.0120842 6.80012e-16 1
4000 11 0.0128445 6.66134e-16 1
4000 12 0.0135192 6.31439e-16 1
4000 13 0.0141087 4.75314e-16 1
4000 14 0.0146132 4.02456e-16 1
4000 15 0.0150332 2.22045e-16 1
4000 16 0.0153689 2.98372e-16 1
4000 17 0.0156204 2.46331e-16 1
4000 18 0.015788 1.83881e-16 1
4000 19 0.0158718 2.08167e-17 1
4000 20 0.0158718 2.42861e-17 1
4000 21 0.015788 -3.81639e-17 1
4000 22 0.0156204 -1.83881e-16 1
4000 23 0.0153689 -1.52656e-16 1
4000 24 0.0150332 -3.01842e-16 1
4000 25 0.0146132 -2.81025e-16 1
4000 26 0.0141087 -3.43475e-16 1
4000 27 0.0135192 -3.29597e-16 1
4000 28 0.0128445 -4.30211e-16 1
4000 29 0.0120842 -5.86337e-16 1
4000 30 0.0112377 -6.9042e-16 1
4000 31 0.0103046 -7.5287e-16 1
4000 32 0.00928432 -7.70217e-16 1
4000 33 0.0081764 -8.36137e-16 1
4000 34 0.0069802 -9.12465e-16 1
4000 35 0.00569512 -1.00961e-15 1
4000 36 0.00432053 -1.02349e-15 1
4000 37 0.00285577 -1.07206e-15 1
4000 38 0.00130019 -1.1241e-15 1
4000 39 0 0 1

# Timestep: 4100
4100 0 0 0 1
4100 1 0.00130539 1.19696e-15 1
4100 2 0.00286745 1.14145e-15 1
4100 3 0.0043386 1.07206e-15 1
4100 4 0.00571947 9.05526e-16 1
4100 5 0.00701067 8.43076e-16 1
4100 6 0.00821278 6.41848e-16 1
4100 7 0.00932637 7.70217e-16 1
4100 8 0.010352 5.75928e-16 1
4100 9 0.0112902 7.07767e-16 1
4100 10 0.0121414 6.38378e-16 1
4100 11 0.0129061 5.58581e-16 1
4100 12 0.0135848 4.64906e-16 1
4100 13 0.0141778 3.29597e-16 1
4100 14 0.0146854 3.1572e-16 1
4100 15 0.0151079 2.11636e-16 1
4100 16 0.0154456 1.52656e-16 1
4100 17 0.0156988 1.35308e-16 1
4100 18 0.0158674 2.42861e-17 1
4100 19 0.0159517 -4.16334e-17 1
4100 20 0.0159517 -1.42247e-16 1
4100 21 0.0158674 -1.11022e-16 1
4100 22 0.0156988 -1.83881e-16 1
4100 23 0.0154456 -1.8735e-16 1
4100 24 0.0151079 -2.81025e-16 1
4100 25 0.0146854 -2.84495e-16 1
4100 26 0.0141778 -3.747e-16 1
4100 27 0.0135848 -4.19803e-16 1
4100 28 0.0129061 -6.21031e-16 1
4100 29 0.0121414 -5.16948e-16 1
4100 30 0.0112902 -7.00828e-16 1
4100 31 0.010352 -5.82867e-16 1
4100 32 0.00932637 -8.18789e-16 1
4100 33 0.00821278 -7.66748e-16 1
4100 34 0.00701067 -9.36751e-16 1
4100 35 0.00571947 -8.7777e-16 1
4100 36 0.0043386 -1.06165e-15 1
4100 37 0.00286745 -1.23859e-15 1
4100 38 0.00130539 -1.20737e-15 1
4100 39 0 0 1

# Timestep: 4200
4200 0 0 0 1
4200 1 0.00131026 1.08247e-15 1
4200 2 0.00287838 9.74915e-16 1
4200 3 0.00435552 9.67976e-16 1
4200 4 0.00574226 1.05124e-15 1
4200 5 0.00703918 8.56953e-16 1
4200 6 0.00824682 8.04912e-16 1
4200 7 0.00936572 6.17562e-16 1
4200 8 0.0103964 7.32053e-16 1
4200 9 0.0113393 5.44703e-16 1
4200 10 0.012195 6.59195e-16 1
4200 11 0.0129638 5.44703e-16 1
4200 12 0.0136461 5.13478e-16 1
4200 13 0.0142424 4.02456e-16 1
4200 14 0.0147529 3.92048e-16 1
4200 15 0.0151778 3.85109e-16 1
4200 16 0.0155175 3.08781e-16 1
4200 17 0.0157721 2.56739e-16 1
4200 18 0.0159417 5.55112e-17 1
4200 19 0.0160265 1.04083e-17 1
4200 20 0.0160265 -3.81639e-17 1
4200 21 0.0159417 -1.38778e-17 1
4200 22 0.0157721 -1.14492e-16 1
4200 23 0.0155175 -2.70617e-16 1
4200 24 0.0151778 -4.3715e-16 1
4200 25 0.0147529 -4.89192e-16 1
4200 26 0.0142424 -5.55112e-16 1
4200 27 0.0136461 -5.48173e-16 1
4200 28 0.0129638 -5.89806e-16 1
4200 29 0.012195 -5.34295e-16 1
4200 30 0.0113393 -7.42462e-16 1
4200 31 0.0103964 -6.34909e-16 1
4200 32 0.00936572 -7.84095e-16 1
4200 33 0.00824682 -8.98587e-16 1
4200 34 0.00703918 -9.54098e-16 1
4200 35 0.00574226 -9.71445e-16 1
4200 36 0.00435552 -9.85323e-16 1
4200 37 0.00287838 -1.03736e-15 1
4200 38 0.00131026 -1.13104e-15 1
4200 39 0 0 1

# Timestep: 4300
4300 0 0 0 1
4300 1 0.00131482 1.15533e-15 1
4300 2 0.00288861 1.13104e-15 1
4300 3 0.00437135 9.99201e-16 1
4300 4 0.00576359 9.88792e-16 1
4300 5 0.00706586 9.54098e-16 1
4300 6 0.00827868 8.91648e-16 1
4300 7 0.00940256 7.07767e-16 1
4300 8 0.010438 6.48787e-16 1
4300 9 0.0113853 5.86337e-16 1
4300 10 0.0122451 5.20417e-16 1
4300 11 0.0130178 4.30211e-16 1
4300 12 0.0137036 4.64906e-16 1
4300 13 0.0143029 4.02456e-16 1
4300 14 0.014816 3.1572e-16 1
4300 15 0.0152432 1.83881e-16 1
4300 16 0.0155847 1.00614e-16 1
4300 17 0.0158407 5.20417e-17 1
4300 18 0.0160113 1.04083e-16 1
4300 19 0.0160965 -2.77556e-17 1
4300 20 0.0160965 -1.07553e-16 1
4300 21 0.0160113 -2.15106e-16 1
4300 22 0.0158407 -3.71231e-16 1
4300 23 0.0155847 -2.77556e-16 1
4300 24 0.0152432 -4.3715e-16 1
4300 25 0.014816 -3.46945e-16 1
4300 26 0.0143029 -5.16948e-16 1
4300 27 0.0137036 -4.02456e-16 1
4300 28 0.0130178 -7.80626e-16 1
4300 29 0.0122451 -6.2797e-16 1
4300 30 0.0113853 -7.11237e-16 1
4300 31 0.010438 -8.25728e-16 1
4300 32 0.00940256 -1.00961e-15 1
4300 33 0.00827868 -1.079e-15 1
4300 34 0.00706586 -1.0339e-15 1
4300 35 0.00576359 -1.07206e-15 1
4300 36 0.00437135 -1.00614e-15 1
4300 37 0.00288861 -1.17614e-15 1
4300 38 0.00131482 -1.1241e-15 1
4300 39 0 0 1

# Timestep: 4400
4400 0 0 0 1
4400 1 0.00131909 1.17961e-15 1
4400 2 0.00289818 1.10328e-15 1
4400 3 0.00438616 1.08941e-15 1
4400 4 0.00578355 1.01308e-15 1
4400 5 0.00709084 1.05124e-15 1
4400 6 0.0083085 8.25728e-16 1
4400 7 0.00943702 9.67976e-16 1
4400 8 0.0104768 6.17562e-16 1
4400 9 0.0114284 8.67362e-16 1
4400 10 0.0122921 6.52256e-16 1
4400 11 0.0130683 7.77156e-16 1
4400 12 0.0137573 3.43475e-16 1
4400 13 0.0143595 4.4062e-16 1
4400 14 0.0148751 2.22045e-16 1
4400 15 0.0153045 2.63678e-16 1
4400 16 0.0156477 2.22045e-16 1
4400 17 0.0159049 8.67362e-17 1
4400 18 0.0160764 1.73472e-17 1
4400 19 0.0161621 6.93889e-18 1
4400 20 0.0161621 -1.21431e-16 1
4400 21 0.0160764 -2.42861e-16 1
4400 22 0.0159049 -2.08167e-16 1
4400 23 0.0156477 -2.70617e-16 1
4400 24 0.0153045 -3.64292e-16 1
4400 25 0.0148751 -4.26742e-16 1
4400 26 0.0143595 -5.41234e-16 1
4400 27 0.0137573 -5.13478e-16 1
4400 28 0.0130683 -6.10623e-16 1
4400 29 0.0122921 -6.17562e-16 1
4400 30 0.0114284 -6.45317e-16 1
4400 31 0.0104768 -8.25728e-16 1
4400 32 0.00943702 -7.77156e-16 1
4400 33 0.0083085 -8.08381e-16 1
4400 34 0.00709084 -9.19403e-16 1
4400 35 0.00578355 -8.95117e-16 1
4400 36 0.00438616 -9.95731e-16 1
4400 37 0.00289818 -1.079e-15 1
4400 38 0.00131909 -1.13798e-15 1
4400 39 0 0 1

# Timestep: 4500
4500 0 0 0 1
4500 1 0.00132308 1.17267e-15 1
4500 2 0.00290714 9.47159e-16 1
4500 3 0.00440003 1.19696e-15 1
4500 4 0.00580223 9.12465e-16 1
4500 5 0.00711421 9.67976e-16 1
4500 6 0.00833641 7.38992e-16 1
4500 7 0.00946928 8.84709e-16 1
4500 8 0.0105132 6.41848e-16 1
4500 9 0.0114687 7.70217e-16 1
4500 10 0.012336 5.06539e-16 1
4500 11 0.0131155 7.18176e-16 1
4500 12 0.0138076 4.16334e-16 1
4500 13 0.0144125 5.79398e-16 1
4500 14 0.0149305 2.5327e-16 1
4500 15 0.0153618 3.81639e-16 1
4500 16 0.0157066 1.35308e-16 1
4500 17 0.015965 2.18575e-16 1
4500 18 0.0161373 -4.51028e-17 1
4500 19 0.0162234 0 1
4500 20 0.0162234 -1.42247e-16 1
4500 21 0.0161373 -1.31839e-16 1
4500 22 0.015965 -2.91434e-16 1
4500 23 0.0157066 -3.29597e-16 1
4500 24 0.0153618 -4.12864e-16 1
4500 25 0.0149305 -4.89192e-16 1
4500 26 0.0144125 -5.37764e-16 1
4500 27 0.0138076 -5.23886e-16 1
4500 28 0.0131155 -6.80012e-16 1
4500 29 0.012336 -6.38378e-16 1
4500 30 0.0114687 -8.46545e-16 1
4500 31 0.0105132 -7.63278e-16 1
4500 32 0.00946928 -9.4369e-16 1
4500 33 0.00833641 -9.19403e-16 1
4500 34 0.00711421 -8.7777e-16 1
4500 35 0.00580223 -9.26342e-16 1
4500 36 0.00440003 -1.13104e-15 1
4500 37 0.00290714 -1.02002e-15 1
4500 38 0.00132308 -1.11022e-15 1
4500 39 0 0 1

# Timestep: 4600
4600 0 0 0 1
4600 1 0.00132682 1.17267e-15 1
4600 2 0.00291552 1.08941e-15 1
4600 3 0.00441301 1.1692e-15 1
4600 4 0.00581971 9.61037e-16 1
4600 5 0.00713608 1.05471e-15 1
4600 6 0.00836253 7.28584e-16 1
4600 7 0.00949947 8.88178e-16 1
4600 8 0.0105473 5.58581e-16 1
4600 9 0.0115064 7.25114e-16 1
4600 10 0.0123771 3.92048e-16 1
4600 11 0.0131598 5.0307e-16 1
4600 12 0.0138547 3.1225e-16 1
4600 13 0.0144621 4.89192e-16 1
4600 14 0.0149822 2.94903e-16 1
4600 15 0.0154154 3.53884e-16 1
4600 16 0.0157617 9.71445e-17 1
4600 17 0.0160213 2.81025e-16 1
4600 18 0.0161943 -9.02056e-17 1
4600 19 0.0162808 -1.38778e-17 1
4600 20 0.0162808 -3.1225e-17 1
4600 21 0.0161943 -1.38778e-17 1
4600 22 0.0160213 -1.56125e-16 1
4600 23 0.0157617 -2.67147e-16 1
4600 24 0.0154154 -3.40006e-16 1
4600 25 0.0149822 -4.05925e-16 1
4600 26 0.0144621 -3.05311e-16 1
4600 27 0.0138547 -3.88578e-16 1
4600 28 0.0131598 -4.3715e-16 1
4600 29 0.0123771 -6.17562e-16 1
4600 30 0.0115064 -6.45317e-16 1
4600 31 0.0105473 -8.53484e-16 1
4600 32 0.00949947 -8.08381e-16 1
4600 33 0.00836253 -8.25728e-16 1
4600 34 0.00713608 -8.74301e-16 1
4600 35 0.00581971 -1.02696e-15 1
4600 36 0.00441301 -1.03736e-15 1
4600 37 0.00291552 -1.2039e-15 1
4600 38 0.00132682 -1.11022e-15 1
4600 39 0 0 1

# Timestep: 4700
4700 0 0 0 1
4700 1 0.00133032 1.14492e-15 1
4700 2 0.00292337 1.12063e-15 1
4700 3 0.00442515 1.07206e-15 1
4700 4 0.00583607 1.00267e-15 1
4700 5 0.00715655 8.39606e-16 1
4700 6 0.00838697 9.92262e-16 1
4700 7 0.00952773 8.91648e-16 1
4700 8 0.0105792 8.84709e-16 1
4700 9 0.0115417 8.04912e-16 1
4700 10 0.0124156 6.45317e-16 1
4700 11 0.0132012 5.51642e-16 1
4700 12 0.0138987 4.996e-16 1
4700 13 0.0145085 6.76542e-16 1
4700 14 0.0150307 4.16334e-16 1
4700 15 0.0154656 2.56739e-16 1
4700 16 0.0158133 8.32667e-17 1
4700 17 0.0160739 2.84495e-16 1
4700 18 0.0162477 -8.32667e-17 1
4700 19 0.0163345 1.17961e-16 1
4700 20 0.0163345 -2.25514e-16 1
4700 21 0.0162477 5.55112e-17 1
4700 22 0.0160739 -2.46331e-16 1
4700 23 0.0158133 -5.55112e-17 1
4700 24 0.0154656 -1.73472e-16 1
4700 25 0.0150307 -2.46331e-16 1
4700 26 0.0145085 -5.0307e-16 1
4700 27 0.0138987 -5.44703e-16 1
4700 28 0.0132012 -5.20417e-16 1
4700 29 0.0124156 -5.34295e-16 1
4700 30 0.0115417 -8.18789e-16 1
4700 31 0.0105792 -8.25728e-16 1
4700 32 0.00952773 -8.56953e-16 1
4700 33 0.00838697 -7.94503e-16 1
4700 34 0.00715655 -8.84709e-16 1
4700 35 0.00583607 -9.74915e-16 1
4700 36 0.00442515 -1.06512e-15 1
4700 37 0.00292337 -1.08594e-15 1
4700 38 0.00133032 -1.13104e-15 1
4700 39 0 0 1

# Timestep: 4800
4800 0 0 0 1
4800 1 0.00133359 1.1588e-15 1
4800 2 0.00293071 1.09635e-15 1
4800 3 0.00443652 1.06165e-15 1
4800 4 0.00585139 9.47159e-16 1
4800 5 0.00717571 9.26342e-16 1
4800 6 0.00840985 8.32667e-16 1
4800 7 0.00955417 8.63892e-16 1
4800 8 0.010609 7.28584e-16 1
4800 9 0.0115747 6.34909e-16 1
4800 10 0.0124516 4.78784e-16 1
4800 11 0.0132399 4.75314e-16 1
4800 12 0.0139399 4.54498e-16 1
4800 13 0.0145519 3.1572e-16 1
4800 14 0.0150761 2.42861e-16 1
4800 15 0.0155126 2.22045e-16 1
4800 16 0.0158616 2.77556e-17 1
4800 17 0.0161232 6.59195e-17 1
4800 18 0.0162976 -9.36751e-17 1
4800 19 0.0163848 7.97973e-17 1
4800 20 0.0163848 -2.67147e-16 1
4800 21 0.0162976 -8.32667e-17 1
4800 22 0.0161232 -3.50414e-16 1
4800 23 0.0158616 -1.76942e-16 1
4800 24 0.0155126 -4.12864e-16 1
4800 25 0.0150761 -1.66533e-16 1
4800 26 0.0145519 -5.06539e-16 1
4800 27 0.0139399 -3.85109e-16 1
4800 28 0.0132399 -6.00214e-16 1
4800 29 0.0124516 -5.23886e-16 1
4800 30 0.0115747 -8.50015e-16 1
4800 31 0.010609 -8.25728e-16 1
4800 32 0.00955417 -1.00614e-15 1
4800 33 0.00840985 -8.95117e-16 1
4800 34 0.00717571 -1.06165e-15 1
4800 35 0.00585139 -1.03736e-15 1
4800 36 0.00443652 -1.19002e-15 1
4800 37 0.00293071 -1.1692e-15 1
4800 38 0.00133359 -1.15186e-15 1
4800 39 0 0 1

# Timestep: 4900
4900 0 0 0 1
4900 1 0.00133665 1.2039e-15 1
4900 2 0.00293759 1.14492e-15 1
4900 3 0.00444715 1.19696e-15 1
4900 4 0.00586572 1.03043e-15 1
4900 5 0.00719364 9.71445e-16 1
4900 6 0.00843126 8.43076e-16 1
4900 7 0.00957892 8.63892e-16 1
4900 8 0.0106369 6.52256e-16 1
4900 9 0.0116056 6.31439e-16 1
4900 10 0.0124853 5.75928e-16 1
4900 11 0.0132762 5.27356e-16 1
4900 12 0.0139785 4.92661e-16 1
4900 13 0.0145926 3.22659e-16 1
4900 14 0.0151185 3.05311e-16 1
4900 15 0.0155565 1.63064e-16 1
4900 16 0.0159068 1.49186e-16 1
4900 17 0.0161693 1.45717e-16 1
4900 18 0.0163443 2.42861e-17 1
4900 19 0.0164318 -9.02056e-17 1
4900 20 0.0164318 -1.249e-16 1
4900 21 0.0163443 -2.11636e-16 1
4900 22 0.0161693 -2.11636e-16 1
4900 23 0.0159068 -1.66533e-16 1
4900 24 0.0155565 -3.36536e-16 1
4900 25 0.0151185 -3.46945e-16 1
4900 26 0.0145926 -4.96131e-16 1
4900 27 0.0139785 -5.06539e-16 1
4900 28 0.0132762 -6.31439e-16 1
4900 29 0.0124853 -6.245e-16 1
4900 30 0.0116056 -7.73687e-16 1
4900 31 0.0106369 -8.01442e-16 1
4900 32 0.00957892 -9.71445e-16 1
4900 33 0.00843126 -9.36751e-16 1
4900 34 0.00719364 -9.61037e-16 1
4900 35 0.00586572 -1.05124e-15 1
4900 36 0.00444715 -1.09635e-15 1
4900 37 0.00293759 -1.07553e-15 1
4900 38 0.00133665 -1.17961e-15 1
4900 39 0 0 1

# Timestep: 5000
5000 0 0 0 1
5000 1 0.00133952 1.13104e-15 1
5000 2 0.00294402 9.92262e-16 1
5000 3 0.00445711 9.85323e-16 1
5000 4 0.00587913 1.05124e-15 1
5000 5 0.00721042 9.4369e-16 1
5000 6 0.0084513 6.76542e-16 1
5000 7 0.00960208 6.9042e-16 1
5000 8 0.0106631 6.245e-16 1
5000 9 0.0116346 5.20417e-16 1
5000 10 0.0125168 4.71845e-16 1
5000 11 0.0133101 3.53884e-16 1
5000 12 0.0140146 4.26742e-16 1
5000 13 0.0146306 3.46945e-16 1
5000 14 0.0151582 4.85723e-16 1
5000 15 0.0155977 2.63678e-16 1
5000 16 0.015949 1.76942e-16 1
5000 17 0.0162125 1.38778e-16 1
5000 18 0.0163881 2.04697e-16 1
5000 19 0.0164758 1.35308e-16 1
5000 20 0.0164758 -1.38778e-17 1
5000 21 0.0163881 -7.28584e-17 1
5000 22 0.0162125 -1.42247e-16 1
5000 23 0.015949 -2.08167e-16 1
5000 24 0.0155977 -2.5327e-16 1
5000 25 0.0151582 -3.26128e-16 1
5000 26 0.0146306 -3.40006e-16 1
5000 27 0.0140146 -5.0307e-16 1
5000 28 0.0133101 -5.37764e-16 1
5000 29 0.0125168 -6.9042e-16 1
5000 30 0.0116346 -7.66748e-16 1
5000 31 0.0106631 -7.45931e-16 1
5000 32 0.00960208 -8.88178e-16 1
5000 33 0.0084513 -9.4022e-16 1
5000 34 0.00721042 -1.02696e-15 1
5000 35 0.00587913 -9.74915e-16 1
5000 36 0.00445711 -1.09288e-15 1
5000 37 0.00294402 -1.01655e-15 1
5000 38 0.00133952 -1.13798e-15 1
5000 39 0 0 1

# Timestep: 5100
5100 0 0 0 1
5100 1 0.0013422 1.05471e-15 1
5100 2 0.00295004 1.07206e-15 1
5100 3 0.00446643 8.98587e-16 1
5100 4 0.00589168 9.78384e-16 1
5100 5 0.00722612 8.98587e-16 1
5100 6 0.00847005 8.39606e-16 1
5100 7 0.00962376 7.59809e-16 1
5100 8 0.0106875 7.38992e-16 1
5100 9 0.0116616 7.35523e-16 1
5100 10 0.0125463 6.93889e-16 1
5100 11 0.0133419 6.69603e-16 1
5100 12 0.0140484 4.33681e-16 1
5100 13 0.0146662 4.12864e-16 1
5100 14 0.0151954 2.91434e-16 1
5100 15 0.0156362 3.01842e-16 1
5100 16 0.0159886 1.52656e-16 1
5100 17 0.0162529 9.36751e-17 1
5100 18 0.016429 -3.46945e-17 1
5100 19 0.016517 3.46945e-17 1
5100 20 0.016517 3.46945e-17 1
5100 21 0.016429 -1.04083e-17 1
5100 22 0.0162529 -1.83881e-16 1
5100 23 0.0159886 -1.49186e-16 1
5100 24 0.0156362 -3.33067e-16 1
5100 25 0.0151954 -3.19189e-16 1
5100 26 0.0146662 -5.68989e-16 1
5100 27 0.0140484 -3.60822e-16 1
5100 28 0.0133419 -6.80012e-16 1
5100 29 0.0125463 -6.07153e-16 1
5100 30 0.0116616 -7.84095e-16 1
5100 31 0.0106875 -7.66748e-16 1
5100 32 0.00962376 -9.36751e-16 1
5100 33 0.00847005 -9.4369e-16 1
5100 34 0.00722612 -1.09981e-15 1
5100 35 0.00589168 -1.00614e-15 1
5100 36 0.00446643 -1.06165e-15 1
5100 37 0.00295004 -1.03043e-15 1
5100 38 0.0013422 -1.05471e-15 1
5100 39 0 0 1

# Timestep: 5200
5200 0 0 0 1
5200 1 0.00134472 1.10328e-15 1
5200 2 0.00295567 1.04777e-15 1
5200 3 0.00447514 9.36751e-16 1
5200 4 0.00590343 9.54098e-16 1
5200 5 0.00724082 8.8124e-16 1
5200 6 0.0084876 8.88178e-16 1
5200 7 0.00964405 8.46545e-16 1
5200 8 0.0107104 7.45931e-16 1
5200 9 0.011687 6.45317e-16 1
5200 10 0.012574 5.68989e-16 1
5200 11 0.0133716 5.37764e-16 1
5200 12 0.01408 3.60822e-16 1
5200 13 0.0146995 2.81025e-16 1
5200 14 0.0152302 3.29597e-16 1
5200 15 0.0156722 3.98986e-16 1
5200 16 0.0160257 2.04697e-16 1
5200 17 0.0162907 1.8735e-16 1
5200 18 0.0164673 -6.245e-17 1
5200 19 0.0165556 2.46331e-16 1
5200 20 0.0165556 -1.21431e-16 1
5200 21 0.0164673 -6.59195e-17 1
5200 22 0.0162907 -2.74086e-16 1
5200 23 0.0160257 -1.66533e-16 1
5200 24 0.0156722 -4.82253e-16 1
5200 25 0.0152302 -4.02456e-16 1
5200 26 0.0146995 -4.64906e-16 1
5200 27 0.01408 -3.22659e-16 1
5200 28 0.0133716 -5.58581e-16 1
5200 29 0.012574 -6.21031e-16 1
5200 30 0.011687 -7.94503e-16 1
5200 31 0.0107104 -9.26342e-16 1
5200 32 0.00964405 -8.91648e-16 1
5200 33 0.0084876 -9.74915e-16 1
5200 34 0.00724082 -1.05124e-15 1
5200 35 0.00590343 -1.01655e-15 1
5200 36 0.00447514 -1.06512e-15 1
5200 37 0.00295567 -1.05124e-15 1
5200 38 0.00134472 -1.11716e-15 1
5200 39 0 0 1

# Timestep: 5300
5300 0 0 0 1
5300 1 0.00134707 1.1692e-15 1
5300 2 0.00296095 1.05818e-15 1
5300 3 0.00448331 9.4022e-16 1
5300 4 0.00591442 8.8124e-16 1
5300 5 0.00725457 9.26342e-16 1
5300 6 0.00850402 8.56953e-16 1
5300 7 0.00966303 7.94503e-16 1
5300 8 0.0107318 6.80012e-16 1
5300 9 0.0117107 6.38378e-16 1
5300 10 0.0125998 6.9042e-16 1
5300 11 0.0133994 6.10623e-16 1
5300 12 0.0141096 5.34295e-16 1
5300 13 0.0147307 4.09395e-16 1
5300 14 0.0152628 2.56739e-16 1
5300 15 0.0157059 3.81639e-16 1
5300 16 0.0160603 1.04083e-16 1
5300 17 0.016326 3.64292e-16 1
5300 18 0.0165032 -5.55112e-17 1
5300 19 0.0165917 1.73472e-16 1
5300 20 0.0165917 -2.18575e-16 1
5300 21 0.0165032 5.20417e-17 1
5300 22 0.016326 -2.5327e-16 1
5300 23 0.0160603 -1.249e-16 1
5300 24 0.0157059 -4.33681e-16 1
5300 25 0.0152628 -2.74086e-16 1
5300 26 0.0147307 -4.96131e-16 1
5300 27 0.0141096 -3.7817e-16 1
5300 28 0.0133994 -6.07153e-16 1
5300 29 0.0125998 -4.57967e-16 1
5300 30 0.0117107 -6.62664e-16 1
5300 31 0.0107318 -6.21031e-16 1
5300 32 0.00966303 -8.53484e-16 1
5300 33 0.00850402 -7.07767e-16 1
5300 34 0.00725457 -1.00614e-15 1
5300 35 0.00591442 -9.02056e-16 1
5300 36 0.00448331 -1.01308e-15 1
5300 37 0.00296095 -1.14145e-15 1
5300 38 0.00134707 -1.16573e-15 1
5300 39 0 0 1

# Timestep: 5400
5400 0 0 0 1
5400 1 0.00134926 1.15533e-15 1
5400 2 0.00296588 1.0443e-15 1
5400 3 0.00449094 1.03736e-15 1
5400 4 0.00592471 8.36137e-16 1
5400 5 0.00726745 9.92262e-16 1
5400 6 0.0085194 8.98587e-16 1
5400 7 0.0096808 9.47159e-16 1
5400 8 0.0107519 6.76542e-16 1
5400 9 0.0117329 7.66748e-16 1
5400 10 0.012624 5.6552e-16 1
5400 11 0.0134254 5.72459e-16 1
5400 12 0.0141373 3.36536e-16 1
5400 13 0.0147599 4.30211e-16 1
5400 14 0.0152932 1.80411e-16 1
5400 15 0.0157375 3.57353e-16 1
5400 16 0.0160928 1.04083e-16 1
5400 17 0.0163592 2.67147e-16 1
5400 18 0.0165367 -9.02056e-17 1
5400 19 0.0166255 8.32667e-17 1
5400 20 0.0166255 -1.66533e-16 1
5400 21 0.0165367 -6.245e-17 1
5400 22 0.0163592 -4.51028e-16 1
5400 23 0.0160928 -2.11636e-16 1
5400 24 0.0157375 -4.16334e-16 1
5400 25 0.0152932 -2.15106e-16 1
5400 26 0.0147599 -5.0307e-16 1
5400 27 0.0141373 -4.92661e-16 1
5400 28 0.0134254 -7.77156e-16 1
5400 29 0.012624 -5.6205e-16 1
5400 30 0.0117329 -8.32667e-16 1
5400 31 0.0107519 -5.86337e-16 1
5400 32 0.0096808 -7.91034e-16 1
5400 33 0.0085194 -6.59195e-16 1
5400 34 0.00726745 -9.08995e-16 1
5400 35 0.00592471 -8.50015e-16 1
5400 36 0.00449094 -1.04083e-15 1
5400 37 0.00296588 -1.04777e-15 1
5400 38 0.00134926 -1.17961e-15 1
5400 39 0 0 1

# Timestep: 5500
5500 0 0 0 1
5500 1 0.00135132 1.1588e-15 1
5500 2 0.0029705 1.23165e-15 1
5500 3 0.00449809 1.21084e-15 1
5500 4 0.00593434 1.05818e-15 1
5500 5 0.00727949 9.92262e-16 1
5500 6 0.00853378 1.09635e-15 1
5500 7 0.00969743 8.46545e-16 1
5500 8 0.0107707 7.21645e-16 1
5500 9 0.0117537 8.29198e-16 1
5500 10 0.0126466 7.00828e-16 1
5500 11 0.0134498 7.84095e-16 1
5500 12 0.0141633 6.17562e-16 1
5500 13 0.0147872 5.6552e-16 1
5500 14 0.0153217 3.40006e-16 1
5500 15 0.015767 3.64292e-16 1
5500 16 0.0161231 1.249e-16 1
5500 17 0.0163901 7.28584e-17 1
5500 18 0.0165681 2.77556e-17 1
5500 19 0.0166571 9.02056e-17 1
5500 20 0.0166571 -7.28584e-17 1
5500 21 0.0165681 1.07553e-16 1
5500 22 0.0163901 -9.71445e-17 1
5500 23 0.0161231 -8.67362e-17 1
5500 24 0.015767 -4.64906e-16 1
5500 25 0.0153217 -3.33067e-16 1
5500 26 0.0147872 -6.245e-16 1
5500 27 0.0141633 -3.95517e-16 1
5500 28 0.0134498 -6.9042e-16 1
5500 29 0.0126466 -5.30825e-16 1
5500 30 0.0117537 -8.43076e-16 1
5500 31 0.0107707 -7.21645e-16 1
5500 32 0.00969743 -8.70831e-16 1
5500 33 0.00853378 -9.50628e-16 1
5500 34 0.00727949 -9.99201e-16 1
5500 35 0.00593434 -9.54098e-16 1
5500 36 0.00449809 -1.15533e-15 1
5500 37 0.0029705 -1.11369e-15 1
5500 38 0.00135132 -1.18655e-15 1
5500 39 0 0 1

# Timestep: 5600
5600 0 0 0 1
5600 1 0.00135325 1.18308e-15 1
5600 2 0.00297482 1.06859e-15 1
5600 3 0.00450478 9.85323e-16 1
5600 4 0.00594335 9.95731e-16 1
5600 5 0.00729077 7.91034e-16 1
5600 6 0.00854725 7.97973e-16 1
5600 7 0.00971299 7.63278e-16 1
5600 8 0.0107882 7.94503e-16 1
5600 9 0.0117731 6.93889e-16 1
5600 10 0.0126678 6.14092e-16 1
5600 11 0.0134726 5.58581e-16 1
5600 12 0.0141875 5.51642e-16 1
5600 13 0.0148128 4.78784e-16 1
5600 14 0.0153484 3.08781e-16 1
5600 15 0.0157947 3.29597e-16 1
5600 16 0.0161515 1.31839e-16 1
5600 17 0.0164191 2.70617e-16 1
5600 18 0.0165975 2.77556e-17 1
5600 19 0.0166867 1.45717e-16 1
5600 20 0.0166867 -1.73472e-16 1
5600 21 0.0165975 -4.85723e-17 1
5600 22 0.0164191 -3.19189e-16 1
5600 23 0.0161515 -1.49186e-16 1
5600 24 0.0157947 -3.98986e-16 1
5600 25 0.0153484 -2.46331e-16 1
5600 26 0.0148128 -6.55725e-16 1
5600 27 0.0141875 -3.60822e-16 1
5600 28 0.0134726 -6.52256e-16 1
5600 29 0.0126678 -4.85723e-16 1
5600 30 0.0117731 -8.7777e-16 1
5600 31 0.0107882 -7.21645e-16 1
5600 32 0.00971299 -8.91648e-16 1
5600 33 0.00854725 -7.28584e-16 1
5600 34 0.00729077 -9.47159e-16 1
5600 35 0.00594335 -1.04083e-15 1
5600 36 0.00450478 -1.17961e-15 1
5600 37 0.00297482 -1.08941e-15 1
5600 38 0.00135325 -1.19349e-15 1
5600 39 0 0 1

# Timestep: 5700
5700 0 0 0 1
5700 1 0.00135505 1.08941e-15 1
5700 2 0.00297887 1.13451e-15 1
5700 3 0.00451104 1.0443e-15 1
5700 4 0.00595179 1.06512e-15 1
5700 5 0.00730132 9.4022e-16 1
5700 6 0.00855985 8.98587e-16 1
5700 7 0.00972756 6.41848e-16 1
5700 8 0.0108046 7.80626e-16 1
5700 9 0.0117913 6.31439e-16 1
5700 10 0.0126877 7.07767e-16 1
5700 11 0.0134939 4.996e-16 1
5700 12 0.0142102 4.30211e-16 1
5700 13 0.0148367 3.85109e-16 1
5700 14 0.0153734 2.5327e-16 1
5700 15 0.0158205 2.70617e-16 1
5700 16 0.0161781 1.31839e-16 1
5700 17 0.0164463 1.73472e-16 1
5700 18 0.016625 2.42861e-17 1
5700 19 0.0167144 5.20417e-17 1
5700 20 0.0167144 -1.38778e-16 1
5700 21 0.016625 -3.81639e-17 1
5700 22 0.0164463 -1.249e-16 1
5700 23 0.0161781 -3.01842e-16 1
5700 24 0.0158205 -4.996e-16 1
5700 25 0.0153734 -4.68375e-16 1
5700 26 0.0148367 -4.92661e-16 1
5700 27 0.0142102 -5.68989e-16 1
5700 28 0.0134939 -6.245e-16 1
5700 29 0.0126877 -7.5287e-16 1
5700 30 0.0117913 -6.2797e-16 1
5700 31 0.0108046 -6.31439e-16 1
5700 32 0.00972756 -9.88792e-16 1
5700 33 0.00855985 -1.08594e-15 1
5700 34 0.00730132 -1.09981e-15 1
5700 35 0.00595179 -1.0339e-15 1
5700 36 0.00451104 -1.10328e-15 1
5700 37 0.00297887 -1.13451e-15 1
5700 38 0.00135505 -1.13104e-15 1
5700 39 0 0 1

# Timestep: 5800
5800 0 0 0 1
5800 1 0.00135674 1.12063e-15 1
5800 2 0.00298265 1.10675e-15 1
5800 3 0.0045169 1.00267e-15 1
5800 4 0.00595968 1.00267e-15 1
5800 5 0.0073112 8.98587e-16 1
5800 6 0.00857164 9.78384e-16 1
5800 7 0.00974119 6.73073e-16 1
5800 8 0.01082 7.14706e-16 1
5800 9 0.0118083 5.34295e-16 1
5800 10 0.0127062 5.82867e-16 1
5800 11 0.0135139 4.30211e-16 1
5800 12 0.0142315 5.72459e-16 1
5800 13 0.0148591 3.1225e-16 1
5800 14 0.0153968 3.05311e-16 1
5800 15 0.0158448 6.245e-17 1
5800 16 0.016203 1.94289e-16 1
5800 17 0.0164717 2.42861e-17 1
5800 18 0.0166507 5.20417e-17 1
5800 19 0.0167403 -1.11022e-16 1
5800 20 0.0167403 -6.245e-17 1
5800 21 0.0166507 -2.74086e-16 1
5800 22 0.0164717 -1.249e-16 1
5800 23 0.016203 -3.64292e-16 1
5800 24 0.0158448 -1.8735e-16 1
5800 25 0.0153968 -4.30211e-16 1
5800 26 0.0148591 -3.67761e-16 1
5800 27 0.0142315 -5.30825e-16 1
5800 28 0.0135139 -5.75928e-16 1
5800 29 0.0127062 -6.73073e-16 1
5800 30 0.0118083 -7.07767e-16 1
5800 31 0.01082 -6.48787e-16 1
5800 32 0.00974119 -7.80626e-16 1
5800 33 0.00857164 -8.67362e-16 1
5800 34 0.0073112 -9.99201e-16 1
5800 35 0.00595968 -1.02349e-15 1
5800 36 0.0045169 -1.04777e-15 1
5800 37 0.00298265 -1.06512e-15 1
5800 38 0.00135674 -1.13798e-15 1
5800 39 0 0 1

# Timestep: 5900
5900 0 0 0 1
5900 1 0.00135832 1.11716e-15 1
5900 2 0.00298619 1.22125e-15 1
5900 3 0.00452238 1.0339e-15 1
5900 4 0.00596707 9.64506e-16 1
5900 5 0.00732044 9.54098e-16 1
5900 6 0.00858268 9.88792e-16 1
5900 7 0.00975395 7.32053e-16 1
5900 8 0.0108344 7.04298e-16 1
5900 9 0.0118243 6.38378e-16 1
5900 10 0.0127236 6.48787e-16 1
5900 11 0.0135326 5.68989e-16 1
5900 12 0.0142514 4.44089e-16 1
5900 13 0.01488 3.36536e-16 1
5900 14 0.0154187 3.43475e-16 1
5900 15 0.0158674 1.249e-16 1
5900 16 0.0162263 1.14492e-16 1
5900 17 0.0164954 0 1
5900 18 0.0166748 6.93889e-17 1
5900 19 0.0167645 -7.28584e-17 1
5900 20 0.0167645 -4.85723e-17 1
5900 21 0.0166748 -2.01228e-16 1
5900 22 0.0164954 -7.28584e-17 1
5900 23 0.0162263 -2.84495e-16 1
5900 24 0.0158674 -2.60209e-16 1
5900 25 0.0154187 -4.78784e-16 1
5900 26 0.01488 -4.64906e-16 1
5900 27 0.0142514 -5.82867e-16 1
5900 28 0.0135326 -5.41234e-16 1
5900 29 0.0127236 -7.25114e-16 1
5900 30 0.0118243 -8.01442e-16 1
5900 31 0.0108344 -8.39606e-16 1
5900 32 0.00975395 -8.39606e-16 1
5900 33 0.00858268 -8.70831e-16 1
5900 34 0.00732044 -9.99201e-16 1
5900 35 0.00596707 -9.50628e-16 1
5900 36 0.00452238 -1.06165e-15 1
5900 37 0.00298619 -1.10675e-15 1
5900 38 0.00135832 -1.15186e-15 1
5900 39 0 0 1

# Timestep: 6000
6000 0 0 0 1
6000 1 0.0013598 1.13798e-15 1
6000 2 0.00298951 1.15186e-15 1
6000 3 0.00452751 1.01308e-15 1
6000 4 0.00597398 1.0339e-15 1
6000 5 0.00732909 7.97973e-16 1
6000 6 0.008593 9.05526e-16 1
6000 7 0.00976589 8.01442e-16 1
6000 8 0.0108479 7.49401e-16 1
6000 9 0.0118392 7.11237e-16 1
6000 10 0.0127399 5.55112e-16 1
6000 11 0.0135501 4.09395e-16 1
6000 12 0.01427 4.71845e-16 1
6000 13 0.0148996 4.05925e-16 1
6000 14 0.0154392 4.05925e-16 1
6000 15 0.0158886 2.56739e-16 1
6000 16 0.0162481 3.43475e-16 1
6000 17 0.0165177 1.17961e-16 1
6000 18 0.0166974 1.66533e-16 1
6000 19 0.0167872 -6.59195e-17 1
6000 20 0.0167872 1.04083e-17 1
6000 21 0.0166974 -1.45717e-16 1
6000 22 0.0165177 -1.94289e-16 1
6000 23 0.0162481 -2.94903e-16 1
6000 24 0.0158886 -2.32453e-16 1
6000 25 0.0154392 -3.33067e-16 1
6000 26 0.0148996 -3.67761e-16 1
6000 27 0.01427 -4.68375e-16 1
6000 28 0.0135501 -5.68989e-16 1
6000 29 0.0127399 -6.31439e-16 1
6000 30 0.0118392 -6.73073e-16 1
6000 31 0.0108479 -8.11851e-16 1
6000 32 0.00976589 -7.84095e-16 1
6000 33 0.008593 -1.01655e-15 1
6000 34 0.00732909 -9.64506e-16 1
6000 35 0.00597398 -1.02002e-15 1
6000 36 0.00452751 -1.04777e-15 1
6000 37 0.00298951 -1.2039e-15 1
6000 38 0.0013598 -1.1241e-15 1
6000 39 0 0 1

# Timestep: 6100
6100 0 0 0 1
6100 1 0.00136118 1.16226e-15 1
6100 2 0.00299261 1.08941e-15 1
6100 3 0.00453232 1.12063e-15 1
6100 4 0.00598045 9.61037e-16 1
6100 5 0.00733719 9.4022e-16 1
6100 6 0.00860267 9.54098e-16 1
6100 7 0.00977706 9.08995e-16 1
6100 8 0.0108605 7.49401e-16 1
6100 9 0.0118531 7.14706e-16 1
6100 10 0.0127551 6.8695e-16 1
6100 11 0.0135665 5.23886e-16 1
6100 12 0.0142874 4.33681e-16 1
6100 13 0.014918 3.50414e-16 1
6100 14 0.0154583 3.7817e-16 1
6100 15 0.0159085 3.26128e-16 1
6100 16 0.0162685 3.43475e-16 1
6100 17 0.0165385 4.85723e-17 1
6100 18 0.0167185 2.25514e-16 1
6100 19 0.0168085 -2.08167e-17 1
6100 20 0.0168085 9.02056e-17 1
6100 21 0.0167185 -2.08167e-16 1
6100 22 0.0165385 -1.17961e-16 1
6100 23 0.0162685 -3.85109e-16 1
6100 24 0.0159085 -2.32453e-16 1
6100 25 0.0154583 -3.71231e-16 1
6100 26 0.014918 -1.97758e-16 1
6100 27 0.0142874 -5.06539e-16 1
6100 28 0.0135665 -5.41234e-16 1
6100 29 0.0127551 -7.14706e-16 1
6100 30 0.0118531 -6.245e-16 1
6100 31 0.0108605 -8.63892e-16 1
6100 32 0.00977706 -7.14706e-16 1
6100 33 0.00860267 -9.29812e-16 1
6100 34 0.00733719 -8.29198e-16 1
6100 35 0.00598045 -1.04083e-15 1
6100 36 0.00453232 -9.54098e-16 1
6100 37 0.00299261 -1.09288e-15 1
6100 38 0.00136118 -1.19349e-15 1
6100 39 0 0 1

# Timestep: 6200
6200 0 0 0 1
6200 1 0.00136247 1.25247e-15 1
6200 2 0.00299552 1.22818e-15 1
6200 3 0.00453681 1.0339e-15 1
6200 4 0.00598651 9.81853e-16 1
6200 5 0.00734476 8.7777e-16 1
6200 6 0.00861172 7.49401e-16 1
6200 7 0.00978752 8.25728e-16 1
6200 8 0.0108723 7.94503e-16 1
6200 9 0.0118662 7.25114e-16 1
6200 10 0.0127693 5.79398e-16 1
6200 11 0.0135818 5.41234e-16 1
6200 12 0.0143037 5.06539e-16 1
6200 13 0.0149352 4.16334e-16 1
6200 14 0.0154763 4.996e-16 1
6200 15 0.0159271 2.87964e-16 1
6200 16 0.0162876 2.91434e-16 1
6200 17 0.016558 9.36751e-17 1
6200 18 0.0167382 2.25514e-16 1
6200 19 0.0168283 -3.81639e-17 1
6200 20 0.0168283 1.8735e-16 1
6200 21 0.0167382 -1.11022e-16 1
6200 22 0.016558 -2.42861e-17 1
6200 23 0.0162876 -3.36536e-16 1
6200 24 0.0159271 -1.04083e-16 1
6200 25 0.0154763 -4.05925e-16 1
6200 26 0.0149352 -2.77556e-16 1
6200 27 0.0143037 -6.00214e-16 1
6200 28 0.0135818 -4.26742e-16 1
6200 29 0.0127693 -8.11851e-16 1
6200 30 0.0118662 -6.2797e-16 1
6200 31 0.0108723 -8.53484e-16 1
6200 32 0.00978752 -6.83481e-16 1
6200 33 0.00861172 -8.46545e-16 1
6200 34 0.00734476 -8.11851e-16 1
6200 35 0.00598651 -1.0339e-15 1
6200 36 0.00453681 -1.09288e-15 1
6200 37 0.00299552 -1.13798e-15 1
6200 38 0.00136247 -1.17961e-15 1
6200 39 0 0 1

# Timestep: 6300
6300 0 0 0 1
6300 1 0.00136369 1.1692e-15 1
6300 2 0.00299824 1.16573e-15 1
6300 3 0.00454102 1.04777e-15 1
6300 4 0.00599218 9.81853e-16 1
6300 5 0.00735185 9.78384e-16 1
6300 6 0.00862018 9.22873e-16 1
6300 7 0.0097973 8.22259e-16 1
6300 8 0.0108833 7.94503e-16 1
6300 9 0.0118784 6.52256e-16 1
6300 10 0.0127826 5.37764e-16 1
6300 11 0.0135961 5.16948e-16 1
6300 12 0.014319 5.16948e-16 1
6300 13 0.0149512 4.19803e-16 1
6300 14 0.015493 3.57353e-16 1
6300 15 0.0159444 2.35922e-16 1
6300 16 0.0163055 2.77556e-16 1
6300 17 0.0165762 1.21431e-16 1
6300 18 0.0167567 1.63064e-16 1
6300 19 0.0168469 3.46945e-18 1
6300 20 0.0168469 -4.51028e-17 1
6300 21 0.0167567 -1.73472e-16 1
6300 22 0.0165762 -1.49186e-16 1
6300 23 0.0163055 -2.56739e-16 1
6300 24 0.0159444 -2.18575e-16 1
6300 25 0.015493 -3.64292e-16 1
6300 26 0.0149512 -4.05925e-16 1
6300 27 0.014319 -5.6205e-16 1
6300 28 0.0135961 -4.64906e-16 1
6300 29 0.0127826 -6.45317e-16 1
6300 30 0.0118784 -6.52256e-16 1
6300 31 0.0108833 -8.04912e-16 1
6300 32 0.0097973 -7.59809e-16 1
6300 33 0.00862018 -9.29812e-16 1
6300 34 0.00735185 -8.43076e-16 1
6300 35 0.00599218 -9.78384e-16 1
6300 36 0.00454102 -1.01655e-15 1
6300 37 0.00299824 -1.24553e-15 1
6300 38 0.00136369 -1.24206e-15 1
6300 39 0 0 1

# Timestep: 6400
6400 0 0 0 1
6400 1 0.00136482 1.17614e-15 1
6400 2 0.00300078 1.06859e-15 1
6400 3 0.00454495 1.13798e-15 1
6400 4 0.00599748 1.09635e-15 1
6400 5 0.00735849 1.09981e-15 1
6400 6 0.00862811 1.00961e-15 1
6400 7 0.00980646 9.95731e-16 1
6400 8 0.0108937 7.97973e-16 1
6400 9 0.0118899 7.49401e-16 1
6400 10 0.0127951 8.25728e-16 1
6400 11 0.0136095 6.93889e-16 1
6400 12 0.0143332 5.75928e-16 1
6400 13 0.0149663 4.16334e-16 1
6400 14 0.0155087 3.36536e-16 1
6400 15 0.0159607 4.09395e-16 1
6400 16 0.0163222 3.46945e-16 1
6400 17 0.0165933 3.85109e-16 1
6400 18 0.016774 3.40006e-16 1
6400 19 0.0168643 5.55112e-17 1
6400 20 0.0168643 4.16334e-17 1
6400 21 0.016774 -1.66533e-16 1
6400 22 0.0165933 -2.56739e-16 1
6400 23 0.0163222 -4.16334e-16 1
6400 24 0.0159607 -2.60209e-16 1
6400 25 0.0155087 -4.51028e-16 1
6400 26 0.0149663 -2.77556e-16 1
6400 27 0.0143332 -4.64906e-16 1
6400 28 0.0136095 -4.71845e-16 1
6400 29 0.0127951 -6.52256e-16 1
6400 30 0.0118899 -7.18176e-16 1
6400 31 0.0108937 -7.25114e-16 1
6400 32 0.00980646 -7.38992e-16 1
6400 33 0.00862811 -8.63892e-16 1
6400 34 0.00735849 -9.29812e-16 1
6400 35 0.00599748 -1.02349e-15 1
6400 36 0.00454495 -1.02349e-15 1
6400 37 0.00300078 -1.12757e-15 1
6400 38 0.00136482 -1.15186e-15 1
6400 39 0 0 1

# Timestep: 6500
6500 0 0 0 1
6500 1 0.00136588 1.1692e-15 1
6500 2 0.00300316 1.14839e-15 1
6500 3 0.00454864 1.0339e-15 1
6500 4 0.00600244 1.07206e-15 1
6500 5 0.0073647 8.88178e-16 1
6500 6 0.00863552 9.54098e-16 1
6500 7 0.00981504 7.04298e-16 1
6500 8 0.0109033 8.08381e-16 1
6500 9 0.0119006 6.66134e-16 1
6500 10 0.0128068 8.88178e-16 1
6500 11 0.0136221 5.0307e-16 1
6500 12 0.0143466 6.59195e-16 1
6500 13 0.0149804 4.16334e-16 1
6500 14 0.0155235 6.31439e-16 1
6500 15 0.0159759 2.84495e-16 1
6500 16 0.0163379 3.46945e-16 1
6500 17 0.0166093 2.56739e-16 1
6500 18 0.0167902 3.53884e-16 1
6500 19 0.0168806 7.97973e-17 1
6500 20 0.0168806 1.63064e-16 1
6500 21 0.0167902 -2.77556e-16 1
6500 22 0.0166093 1.38778e-17 1
6500 23 0.0163379 -1.249e-16 1
6500 24 0.0159759 -5.55112e-17 1
6500 25 0.0155235 -4.02456e-16 1
6500 26 0.0149804 -2.5327e-16 1
6500 27 0.0143466 -4.82253e-16 1
6500 28 0.0136221 -4.96131e-16 1
6500 29 0.0128068 -6.66134e-16 1
6500 30 0.0119006 -6.00214e-16 1
6500 31 0.0109033 -7.77156e-16 1
6500 32 0.00981504 -5.93275e-16 1
6500 33 0.00863552 -7.91034e-16 1
6500 34 0.0073647 -7.70217e-16 1
6500 35 0.00600244 -9.15934e-16 1
6500 36 0.00454864 -1.04777e-15 1
6500 37 0.00300316 -1.14839e-15 1
6500 38 0.00136588 -1.16573e-15 1
6500 39 0 0 1

# Timestep: 6600
6600 0 0 0 1
6600 1 0.00136687 1.13798e-15 1
6600 2 0.00300539 1.18655e-15 1
6600 3 0.00455209 1.00614e-15 1
6600 4 0.00600709 1.05471e-15 1
6600 5 0.00737051 8.63892e-16 1
6600 6 0.00864246 9.85323e-16 1
6600 7 0.00982306 6.55725e-16 1
6600 8 0.0109124 7.97973e-16 1
6600 9 0.0119106 5.96745e-16 1
6600 10 0.0128177 7.45931e-16 1
6600 11 0.0136339 4.92661e-16 1
6600 12 0.0143591 4.96131e-16 1
6600 13 0.0149935 4.26742e-16 1
6600 14 0.0155372 5.6205e-16 1
6600 15 0.0159902 2.5327e-16 1
6600 16 0.0163525 2.81025e-16 1
6600 17 0.0166242 1.35308e-16 1
6600 18 0.0168053 1.21431e-16 1
6600 19 0.0168959 -6.93889e-17 1
6600 20 0.0168959 3.1225e-17 1
6600 21 0.0168053 -1.45717e-16 1
6600 22 0.0166242 -6.245e-17 1
6600 23 0.0163525 -2.25514e-16 1
6600 24 0.0159902 3.46945e-18 1
6600 25 0.0155372 -3.43475e-16 1
6600 26 0.0149935 -2.08167e-16 1
6600 27 0.0143591 -4.996e-16 1
6600 28 0.0136339 -4.02456e-16 1
6600 29 0.0128177 -6.41848e-16 1
6600 30 0.0119106 -4.996e-16 1
6600 31 0.0109124 -7.73687e-16 1
6600 32 0.00982306 -7.38992e-16 1
6600 33 0.00864246 -8.7777e-16 1
6600 34 0.00737051 -9.05526e-16 1
6600 35 0.00600709 -1.04083e-15 1
6600 36 0.00455209 -1.06859e-15 1
6600 37 0.00300539 -1.09981e-15 1
6600 38 0.00136687 -1.13798e-15 1
6600 39 0 0 1

# Timestep: 6700
6700 0 0 0 1
6700 1 0.0013678 1.20737e-15 1
6700 2 0.00300747 1.13104e-15 1
6700 3 0.00455531 9.74915e-16 1
6700 4 0.00601144 9.4022e-16 1
6700 5 0.00737595 9.26342e-16 1
6700 6 0.00864896 9.4369e-16 1
6700 7 0.00983057 7.49401e-16 1
6700 8 0.0109209 7.18176e-16 1
6700 9 0.01192 6.48787e-16 1
6700 10 0.0128279 7.91034e-16 1
6700 11 0.0136449 4.51028e-16 1
6700 12 0.0143708 4.57967e-16 1
6700 13 0.0150059 3.19189e-16 1
6700 14 0.0155501 4.82253e-16 1
6700 15 0.0160035 2.22045e-16 1
6700 16 0.0163662 4.82253e-16 1
6700 17 0.0166382 1.97758e-16 1
6700 18 0.0168195 2.22045e-16 1
6700 19 0.0169102 -5.89806e-17 1
6700 20 0.0169102 5.20417e-17 1
6700 21 0.0168195 -2.11636e-16 1
6700 22 0.0166382 -2.35922e-16 1
6700 23 0.0163662 -3.33067e-16 1
6700 24 0.0160035 -2.498e-16 1
6700 25 0.0155501 -4.92661e-16 1
6700 26 0.0150059 -4.75314e-16 1
6700 27 0.0143708 -5.48173e-16 1
6700 28 0.0136449 -5.41234e-16 1
6700 29 0.0128279 -6.48787e-16 1
6700 30 0.01192 -6.80012e-16 1
6700 31 0.0109209 -7.77156e-16 1
6700 32 0.00983057 -7.84095e-16 1
6700 33 0.00864896 -9.33281e-16 1
6700 34 0.00737595 -8.91648e-16 1
6700 35 0.00601144 -9.67976e-16 1
6700 36 0.00455531 -9.4369e-16 1
6700 37 0.00300747 -1.08594e-15 1
6700 38 0.0013678 -1.11022e-15 1
6700 39 0 0 1

# Timestep: 6800
6800 0 0 0 1
6800 1 0.00136867 1.11022e-15 1
6800 2 0.00300943 1.05471e-15 1
6800 3 0.00455833 9.15934e-16 1
6800 4 0.00601551 1.04083e-15 1
6800 5 0.00738104 8.63892e-16 1
6800 6 0.00865504 9.12465e-16 1
6800 7 0.00983759 7.45931e-16 1
6800 8 0.0109288 8.25728e-16 1
6800 9 0.0119287 7.21645e-16 1
6800 10 0.0128375 7.56339e-16 1
6800 11 0.0136551 5.20417e-16 1
6800 12 0.0143818 6.10623e-16 1
6800 13 0.0150174 3.08781e-16 1
6800 14 0.0155621 4.09395e-16 1
6800 15 0.016016 6.93889e-17 1
6800 16 0.016379 2.87964e-16 1
6800 17 0.0166513 -1.73472e-17 1
6800 18 0.0168328 1.31839e-16 1
6800 19 0.0169235 -2.15106e-16 1
6800 20 0.0169235 1.73472e-17 1
6800 21 0.0168328 -2.63678e-16 1
6800 22 0.0166513 -4.16334e-17 1
6800 23 0.016379 -3.7817e-16 1
6800 24 0.016016 -3.53884e-16 1
6800 25 0.0155621 -5.0307e-16 1
6800 26 0.0150174 -3.7817e-16 1
6800 27 0.0143818 -6.14092e-16 1
6800 28 0.0136551 -5.23886e-16 1
6800 29 0.0128375 -7.73687e-16 1
6800 30 0.0119287 -6.41848e-16 1
6800 31 0.0109288 -8.36137e-16 1
6800 32 0.00983759 -7.94503e-16 1
6800 33 0.00865504 -9.36751e-16 1
6800 34 0.00738104 -8.53484e-16 1
6800 35 0.00601551 -9.47159e-16 1
6800 36 0.00455833 -9.26342e-16 1
6800 37 0.00300943 -1.00961e-15 1
6800 38 0.00136867 -1.13798e-15 1
6800 39 0 0 1

# Timestep: 6900
6900 0 0 0 1
6900 1 0.00136949 1.17267e-15 1
6900 2 0.00301125 1.19002e-15 1
6900 3 0.00456116 1.0443e-15 1
6900 4 0.00601931 1.10675e-15 1
6900 5 0.00738581 9.78384e-16 1
6900 6 0.00866073 8.70831e-16 1
6900 7 0.00984417 7.25114e-16 1
6900 8 0.0109362 8.88178e-16 1
6900 9 0.0119369 5.48173e-16 1
6900 10 0.0128464 8.1532e-16 1
6900 11 0.0136648 3.29597e-16 1
6900 12 0.014392 5.55112e-16 1
6900 13 0.0150282 2.01228e-16 1
6900 14 0.0155734 5.30825e-16 1
6900 15 0.0160277 1.21431e-16 1
6900 16 0.0163911 4.68375e-16 1
6900 17 0.0166636 -3.81639e-17 1
6900 18 0.0168452 3.747e-16 1
6900 19 0.016936 -3.01842e-16 1
6900 20 0.016936 2.08167e-16 1
6900 21 0.0168452 -3.98986e-16 1
6900 22 0.0166636 3.46945e-17 1
6900 23 0.0163911 -4.3715e-16 1
6900 24 0.0160277 -1.00614e-16 1
6900 25 0.0155734 -5.82867e-16 1
6900 26 0.0150282 -2.5327e-16 1
6900 27 0.014392 -5.75928e-16 1
6900 28 0.0136648 -4.33681e-16 1
6900 29 0.0128464 -6.76542e-16 1
6900 30 0.0119369 -6.31439e-16 1
6900 31 0.0109362 -8.1532e-16 1
6900 32 0.00984417 -7.14706e-16 1
6900 33 0.00866073 -9.33281e-16 1
6900 34 0.00738581 -9.19403e-16 1
6900 35 0.00601931 -1.05124e-15 1
6900 36 0.00456116 -9.08995e-16 1
6900 37 0.00301125 -1.15186e-15 1
6900 38 0.00136949 -1.23512e-15 1
6900 39 0 0 1

# Timestep: 7000
7000 0 0 0 1
7000 1 0.00137025 1.13104e-15 1
7000 2 0.00301296 1.13451e-15 1
7000 3 0.00456381 9.67976e-16 1
7000 4 0.00602288 1.02696e-15 1
7000 5 0.00739026 9.02056e-16 1
7000 6 0.00866605 9.88792e-16 1
7000 7 0.00985032 7.91034e-16 1
7000 8 0.0109432 9.29812e-16 1
7000 9 0.0119446 6.62664e-16 1
7000 10 0.0128548 7.59809e-16 1
7000 11 0.0136738 4.16334e-16 1
7000 12 0.0144016 5.68989e-16 1
7000 13 0.0150383 3.88578e-16 1
7000 14 0.015584 4.96131e-16 1
7000 15 0.0160386 1.73472e-16 1
7000 16 0.0164023 3.08781e-16 1
7000 17 0.016675 -5.20417e-17 1
7000 18 0.0168568 2.498e-16 1
7000 19 0.0169477 4.51028e-17 1
7000 20 0.0169477 6.245e-17 1
7000 21 0.0168568 -2.01228e-16 1
7000 22 0.016675 5.89806e-17 1
7000 23 0.0164023 -3.29597e-16 1
7000 24 0.0160386 -1.97758e-16 1
7000 25 0.015584 -5.23886e-16 1
7000 26 0.0150383 -2.70617e-16 1
7000 27 0.0144016 -6.17562e-16 1
7000 28 0.0136738 -4.19803e-16 1
7000 29 0.0128548 -7.25114e-16 1
7000 30 0.0119446 -5.89806e-16 1
7000 31 0.0109432 -8.60423e-16 1
7000 32 0.00985032 -6.62664e-16 1
7000 33 0.00866605 -9.50628e-16 1
7000 34 0.00739026 -8.43076e-16 1
7000 35 0.00602288 -1.09981e-15 1
7000 36 0.00456381 -1.02696e-15 1
7000 37 0.00301296 -1.18308e-15 1
7000 38 0.00137025 -1.1241e-15 1
7000 39 0 0 1

# Timestep: 7100
7100 0 0 0 1
7100 1 0.00137096 1.25941e-15 1
7100 2 0.00301456 1.2837e-15 1
7100 3 0.00456628 1.18308e-15 1
7100 4 0.00602621 1.04777e-15 1
7100 5 0.00739444 7.84095e-16 1
7100 6 0.00867104 8.08381e-16 1
7100 7 0.00985608 5.10009e-16 1
7100 8 0.0109497 6.62664e-16 1
7100 9 0.0119518 5.79398e-16 1
7100 10 0.0128627 7.59809e-16 1
7100 11 0.0136822 4.44089e-16 1
7100 12 0.0144106 5.68989e-16 1
7100 13 0.0150478 2.63678e-16 1
7100 14 0.0155939 2.84495e-16 1
7100 15 0.0160489 4.51028e-17 1
7100 16 0.0164128 3.92048e-16 1
7100 17 0.0166858 -1.21431e-16 1
7100 18 0.0168677 2.39392e-16 1
7100 19 0.0169587 -2.5327e-16 1
7100 20 0.0169587 6.93889e-17 1
7100 21 0.0168677 -3.08781e-16 1
7100 22 0.0166858 -2.42861e-17 1
7100 23 0.0164128 -4.02456e-16 1
7100 24 0.0160489 -2.01228e-16 1
7100 25 0.0155939 -3.88578e-16 1
7100 26 0.0150478 -3.88578e-16 1
7100 27 0.0144106 -7.28584e-16 1
7100 28 0.0136822 -4.33681e-16 1
7100 29 0.0128627 -7.11237e-16 1
7100 30 0.0119518 -5.37764e-16 1
7100 31 0.0109497 -7.59809e-16 1
7100 32 0.00985608 -5.6552e-16 1
7100 33 0.00867104 -8.98587e-16 1
7100 34 0.00739444 -8.29198e-16 1
7100 35 0.00602621 -9.78384e-16 1
7100 36 0.00456628 -9.81853e-16 1
7100 37 0.00301456 -1.08594e-15 1
7100 38 0.00137096 -1.07553e-15 1
7100 39 0 0 1

# Timestep: 7200
7200 0 0 0 1
7200 1 0.00137163 1.08247e-15 1
7200 2 0.00301606 1.05818e-15 1
7200 3 0.0045686 9.50628e-16 1
7200 4 0.00602934 1.1241e-15 1
7200 5 0.00739834 8.25728e-16 1
7200 6 0.0086757 9.88792e-16 1
7200 7 0.00986147 7.49401e-16 1
7200 8 0.0109557 9.02056e-16 1
7200 9 0.0119586 5.48173e-16 1
7200 10 0.01287 6.8695e-16 1
7200 11 0.0136901 3.57353e-16 1
7200 12 0.014419 5.68989e-16 1
7200 13 0.0150566 2.35922e-16 1
7200 14 0.0156031 4.54498e-16 1
7200 15 0.0160584 8.32667e-17 1
7200 16 0.0164227 3.53884e-16 1
7200 17 0.0166958 0 1
7200 18 0.0168779 2.08167e-16 1
7200 19 0.0169689 -1.11022e-16 1
7200 20 0.0169689 1.42247e-16 1
7200 21 0.0168779 -2.04697e-16 1
7200 22 0.0166958 -7.97973e-17 1
7200 23 0.0164227 -4.33681e-16 1
7200 24 0.0160584 -9.71445e-17 1
7200 25 0.0156031 -4.4062e-16 1
7200 26 0.0150566 -3.26128e-16 1
7200 27 0.014419 -6.83481e-16 1
7200 28 0.0136901 -3.43475e-16 1
7200 29 0.01287 -6.41848e-16 1
7200 30 0.0119586 -4.82253e-16 1
7200 31 0.0109557 -7.77156e-16 1
7200 32 0.00986147 -5.72459e-16 1
7200 33 0.0086757 -8.95117e-16 1
7200 34 0.00739834 -6.52256e-16 1
7200 35 0.00602934 -1.03736e-15 1
7200 36 0.0045686 -1.0443e-15 1
7200 37 0.00301606 -1.2039e-15 1
7200 38 0.00137163 -1.07553e-15 1
7200 39 0 0 1

# Timestep: 7300
7300 0 0 0 1
7300 1 0.00137225 1.14145e-15 1
7300 2 0.00301746 1.1588e-15 1
7300 3 0.00457077 9.74915e-16 1
7300 4 0.00603226 9.61037e-16 1
7300 5 0.007402 9.36751e-16 1
7300 6 0.00868006 8.32667e-16 1
7300 7 0.00986652 7.28584e-16 1
7300 8 0.0109614 8.56953e-16 1
7300 9 0.0119649 6.52256e-16 1
7300 10 0.0128769 7.73687e-16 1
7300 11 0.0136975 4.78784e-16 1
7300 12 0.0144269 6.55725e-16 1
7300 13 0.0150649 4.26742e-16 1
7300 14 0.0156118 5.93275e-16 1
7300 15 0.0160674 1.35308e-16 1
7300 16 0.0164319 4.33681e-16 1
7300 17 0.0167052 -6.245e-17 1
7300 18 0.0168874 3.50414e-16 1
7300 19 0.0169785 -1.83881e-16 1
7300 20 0.0169785 3.01842e-16 1
7300 21 0.0168874 -2.94903e-16 1
7300 22 0.0167052 1.73472e-17 1
7300 23 0.0164319 -5.10009e-16 1
7300 24 0.0160674 -5.55112e-17 1
7300 25 0.0156118 -5.06539e-16 1
7300 26 0.0150649 -3.64292e-16 1
7300 27 0.0144269 -6.83481e-16 1
7300 28 0.0136975 -4.64906e-16 1
7300 29 0.0128769 -8.11851e-16 1
7300 30 0.0119649 -5.72459e-16 1
7300 31 0.0109614 -9.88792e-16 1
7300 32 0.00986652 -8.11851e-16 1
7300 33 0.00868006 -8.98587e-16 1
7300 34 0.007402 -8.7777e-16 1
7300 35 0.00603226 -1.00961e-15 1
7300 36 0.00457077 -1.01308e-15 1
7300 37 0.00301746 -1.2039e-15 1
7300 38 0.00137225 -1.13798e-15 1
7300 39 0 0 1

# Timestep: 7400
7400 0 0 0 1
7400 1 0.00137284 1.11022e-15 1
7400 2 0.00301877 1.13104e-15 1
7400 3 0.0045728 9.74915e-16 1
7400 4 0.00603499 1.01308e-15 1
7400 5 0.00740542 8.04912e-16 1
7400 6 0.00868415 9.57567e-16 1
7400 7 0.00987124 8.29198e-16 1
7400 8 0.0109668 9.78384e-16 1
7400 9 0.0119708 6.10623e-16 1
7400 10 0.0128833 5.86337e-16 1
7400 11 0.0137044 4.09395e-16 1
7400 12 0.0144342 5.75928e-16 1
7400 13 0.0150727 2.81025e-16 1
7400 14 0.0156198 4.51028e-16 1
7400 15 0.0160758 1.14492e-16 1
7400 16 0.0164405 4.16334e-16 1
7400 17 0.016714 4.16334e-17 1
7400 18 0.0168963 2.04697e-16 1
7400 19 0.0169875 -9.02056e-17 1
7400 20 0.0169875 6.93889e-17 1
7400 21 0.0168963 -2.15106e-16 1
7400 22 0.016714 -1.49186e-16 1
7400 23 0.0164405 -3.50414e-16 1
7400 24 0.0160758 -6.59195e-17 1
7400 25 0.0156198 -4.23273e-16 1
7400 26 0.0150727 -1.8735e-16 1
7400 27 0.0144342 -6.10623e-16 1
7400 28 0.0137044 -3.36536e-16 1
7400 29 0.0128833 -6.55725e-16 1
7400 30 0.0119708 -5.96745e-16 1
7400 31 0.0109668 -7.97973e-16 1
7400 32 0.00987124 -7.49401e-16 1
7400 33 0.00868415 -9.29812e-16 1
7400 34 0.00740542 -8.8124e-16 1
7400 35 0.00603499 -9.99201e-16 1
7400 36 0.0045728 -1.05124e-15 1
7400 37 0.00301877 -1.1241e-15 1
7400 38 0.00137284 -1.1241e-15 1
7400 39 0 0 1

# Timestep: 7500
7500 0 0 0 1
7500 1 0.00137339 1.14839e-15 1
7500 2 0.00302 1.08941e-15 1
7500 3 0.0045747 1.03736e-15 1
7500 4 0.00603755 1.11716e-15 1
7500 5 0.00740862 8.95117e-16 1
7500 6 0.00868797 9.26342e-16 1
7500 7 0.00987566 7.70217e-16 1
7500 8 0.0109717 7.07767e-16 1
7500 9 0.0119763 6.03684e-16 1
7500 10 0.0128893 6.59195e-16 1
7500 11 0.0137109 4.96131e-16 1
7500 12 0.0144411 6.07153e-16 1
7500 13 0.0150799 3.08781e-16 1
7500 14 0.0156274 4.96131e-16 1
7500 15 0.0160836 1.9082e-16 1
7500 16 0.0164486 3.22659e-16 1
7500 17 0.0167222 1.00614e-16 1
7500 18 0.0169047 3.92048e-16 1
7500 19 0.0169959 -6.93889e-18 1
7500 20 0.0169959 2.18575e-16 1
7500 21 0.0169047 -2.498e-16 1
7500 22 0.0167222 9.71445e-17 1
7500 23 0.0164486 -4.19803e-16 1
7500 24 0.0160836 -5.89806e-17 1
7500 25 0.0156274 -4.4062e-16 1
7500 26 0.0150799 -1.52656e-16 1
7500 27 0.0144411 -6.10623e-16 1
7500 28 0.0137109 -4.57967e-16 1
7500 29 0.0128893 -8.04912e-16 1
7500 30 0.0119763 -6.10623e-16 1
7500 31 0.0109717 -8.1532e-16 1
7500 32 0.00987566 -7.32053e-16 1
7500 33 0.00868797 -9.33281e-16 1
7500 34 0.00740862 -9.29812e-16 1
7500 35 0.00603755 -1.0339e-15 1
7500 36 0.0045747 -1.10328e-15 1
7500 37 0.00302 -1.15186e-15 1
7500 38 0.00137339 -1.19349e-15 1
7500 39 0 0 1

# Timestep: 7600
7600 0 0 0 1
7600 1 0.0013739 1.51962e-15 1
7600 2 0.00302115 1.61676e-15 1
7600 3 0.00457647 1.42594e-15 1
7600 4 0.00603994 1.2837e-15 1
7600 5 0.00741162 7.91034e-16 1
7600 6 0.00869155 8.95117e-16 1
7600 7 0.0098798 6.69603e-16 1
7600 8 0.0109764 7.45931e-16 1
7600 9 0.0119814 4.23273e-16 1
7600 10 0.012895 6.34909e-16 1
7600 11 0.013717 1.9082e-16 1
7600 12 0.0144476 3.95517e-16 1
7600 13 0.0150867 1.07553e-16 1
7600 14 0.0156345 4.92661e-16 1
7600 15 0.016091 2.42861e-17 1
7600 16 0.0164561 3.71231e-16 1
7600 17 0.0167299 -1.14492e-16 1
7600 18 0.0169125 3.22659e-16 1
7600 19 0.0170037 -1.80411e-16 1
7600 20 0.0170037 2.22045e-16 1
7600 21 0.0169125 -2.60209e-16 1
7600 22 0.0167299 6.245e-17 1
7600 23 0.0164561 -4.26742e-16 1
7600 24 0.016091 -1.8735e-16 1
7600 25 0.0156345 -7.38992e-16 1
7600 26 0.0150867 -3.64292e-16 1
7600 27 0.0144476 -7.5287e-16 1
7600 28 0.013717 -5.37764e-16 1
7600 29 0.012895 -8.88178e-16 1
7600 30 0.0119814 -5.93275e-16 1
7600 31 0.0109764 -9.57567e-16 1
7600 32 0.0098798 -6.83481e-16 1
7600 33 0.00869155 -9.81853e-16 1
7600 34 0.00741162 -8.18789e-16 1
7600 35 0.00603994 -1.05471e-15 1
7600 36 0.00457647 -1.05471e-15 1
7600 37 0.00302115 -1.14839e-15 1
7600 38 0.0013739 -1.1241e-15 1
7600 39 0 0 1

# Timestep: 7700
7700 0 0 0 1
7700 1 0.00137438 1.14492e-15 1
7700 2 0.00302222 1.17961e-15 1
7700 3 0.00457814 1.05471e-15 1
7700 4 0.00604219 1.00267e-15 1
7700 5 0.00741442 8.63892e-16 1
7700 6 0.0086949 9.50628e-16 1
7700 7 0.00988367 7.5287e-16 1
7700 8 0.0109808 8.46545e-16 1
7700 9 0.0119863 6.41848e-16 1
7700 10 0.0129002 8.95117e-16 1
7700 11 0.0137226 5.30825e-16 1
7700 12 0.0144536 7.91034e-16 1
7700 13 0.0150931 3.85109e-16 1
7700 14 0.0156412 6.2797e-16 1
7700 15 0.0160978 1.52656e-16 1
7700 16 0.0164632 3.7817e-16 1
7700 17 0.0167371 -1.17961e-16 1
7700 18 0.0169198 3.36536e-16 1
7700 19 0.0170111 -1.59595e-16 1
7700 20 0.0170111 2.63678e-16 1
7700 21 0.0169198 -2.74086e-16 1
7700 22 0.0167371 3.81639e-17 1
7700 23 0.0164632 -4.44089e-16 1
7700 24 0.0160978 -1.80411e-16 1
7700 25 0.0156412 -5.75928e-16 1
7700 26 0.0150931 -3.46945e-16 1
7700 27 0.0144536 -6.69603e-16 1
7700 28 0.0137226 -4.75314e-16 1
7700 29 0.0129002 -7.80626e-16 1
7700 30 0.0119863 -6.76542e-16 1
7700 31 0.0109808 -9.12465e-16 1
7700 32 0.00988367 -9.02056e-16 1
7700 33 0.0086949 -9.64506e-16 1
7700 34 0.00741442 -9.05526e-16 1
7700 35 0.00604219 -1.19349e-15 1
7700 36 0.00457814 -1.12063e-15 1
7700 37 0.00302222 -1.23512e-15 1
7700 38 0.00137438 -1.20737e-15 1
7700 39 0 0 1

# Timestep: 7800
7800 0 0 0 1
7800 1 0.00137483 1.0443e-15 1
7800 2 0.00302323 1.08247e-15 1
7800 3 0.00457969 1.02696e-15 1
7800 4 0.00604428 9.64506e-16 1
7800 5 0.00741705 8.29198e-16 1
7800 6 0.00869803 1.02696e-15 1
7800 7 0.00988729 7.11237e-16 1
7800 8 0.0109849 9.36751e-16 1
7800 9 0.0119908 3.7817e-16 1
7800 10 0.0129052 7.07767e-16 1
7800 11 0.013728 3.1572e-16 1
7800 12 0.0144592 7.56339e-16 1
7800 13 0.015099 2.94903e-16 1
7800 14 0.0156474 6.2797e-16 1
7800 15 0.0161043 1.2837e-16 1
7800 16 0.0164698 2.84495e-16 1
7800 17 0.0167439 -1.76942e-16 1
7800 18 0.0169266 1.14492e-16 1
7800 19 0.017018 -1.38778e-17 1
7800 20 0.017018 6.245e-17 1
7800 21 0.0169266 -3.01842e-16 1
7800 22 0.0167439 -1.31839e-16 1
7800 23 0.0164698 -4.12864e-16 1
7800 24 0.0161043 -2.11636e-16 1
7800 25 0.0156474 -5.20417e-16 1
7800 26 0.015099 -3.29597e-16 1
7800 27 0.0144592 -6.73073e-16 1
7800 28 0.013728 -6.48787e-16 1
7800 29 0.0129052 -8.25728e-16 1
7800 30 0.0119908 -6.76542e-16 1
7800 31 0.0109849 -9.19403e-16 1
7800 32 0.00988729 -8.39606e-16 1
7800 33 0.00869803 -1.06512e-15 1
7800 34 0.00741705 -1.00614e-15 1
7800 35 0.00604428 -9.78384e-16 1
7800 36 0.00457969 -1.01655e-15 1
7800 37 0.00302323 -1.08594e-15 1
7800 38 0.00137483 -1.17961e-15 1
7800 39 0 0 1

# Timestep: 7900
7900 0 0 0 1
7900 1 0.00137525 1.10328e-15 1
7900 2 0.00302417 1.04083e-15 1
7900 3 0.00458115 9.92262e-16 1
7900 4 0.00604625 9.61037e-16 1
7900 5 0.0074195 8.39606e-16 1
7900 6 0.00870096 8.46545e-16 1
7900 7 0.00989068 8.04912e-16 1
7900 8 0.0109887 7.84095e-16 1
7900 9 0.011995 6.14092e-16 1
7900 10 0.0129098 6.17562e-16 1
7900 11 0.0137329 3.85109e-16 1
7900 12 0.0144645 5.10009e-16 1
7900 13 0.0151046 2.84495e-16 1
7900 14 0.0156532 4.12864e-16 1
7900 15 0.0161103 8.32667e-17 1
7900 16 0.016476 2.25514e-16 1
7900 17 0.0167502 -3.1225e-17 1
7900 18 0.016933 1.35308e-16 1
7900 19 0.0170244 -1.04083e-16 1
7900 20 0.0170244 7.63278e-17 1
7900 21 0.016933 -7.97973e-17 1
7900 22 0.0167502 4.16334e-17 1
7900 23 0.016476 -1.35308e-16 1
7900 24 0.0161103 -3.01842e-16 1
7900 25 0.0156532 -4.12864e-16 1
7900 26 0.0151046 -3.40006e-16 1
7900 27 0.0144645 -5.6552e-16 1
7900 28 0.0137329 -5.23886e-16 1
7900 29 0.0129098 -7.28584e-16 1
7900 30 0.011995 -7.97973e-16 1
7900 31 0.0109887 -7.63278e-16 1
7900 32 0.00989068 -8.39606e-16 1
7900 33 0.00870096 -8.18789e-16 1
7900 34 0.0074195 -1.00267e-15 1
7900 35 0.00604625 -9.71445e-16 1
7900 36 0.00458115 -1.05818e-15 1
7900 37 0.00302417 -1.00267e-15 1
7900 38 0.00137525 -1.1241e-15 1
7900 39 0 0 1

# Timestep: 8000
8000 0 0 0 1
8000 1 0.00137564 1.10328e-15 1
8000 2 0.00302505 1.08594e-15 1
8000 3 0.00458252 9.81853e-16 1
8000 4 0.00604808 1.02696e-15 1
8000 5 0.0074218 8.32667e-16 1
8000 6 0.00870371 9.05526e-16 1
8000 7 0.00989385 5.6552e-16 1
8000 8 0.0109923 7.87564e-16 1
8000 9 0.011999 6.03684e-16 1
8000 10 0.0129141 7.25114e-16 1
8000 11 0.0137376 3.81639e-16 1
8000 12 0.0144695 7.49401e-16 1
8000 13 0.0151098 5.10009e-16 1
8000 14 0.0156586 4.96131e-16 1
8000 15 0.0161159 1.94289e-16 1
8000 16 0.0164818 3.33067e-16 1
8000 17 0.0167561 1.76942e-16 1
8000 18 0.016939 2.77556e-16 1
8000 19 0.0170305 2.42861e-17 1
8000 20 0.0170305 6.59195e-17 1
8000 21 0.016939 -1.04083e-16 1
8000 22 0.0167561 -1.56125e-16 1
8000 23 0.0164818 -2.70617e-16 1
8000 24 0.0161159 -3.36536e-16 1
8000 25 0.0156586 -5.51642e-16 1
8000 26 0.0151098 -6.2797e-16 1
8000 27 0.0144695 -6.76542e-16 1
8000 28 0.0137376 -5.96745e-16 1
8000 29 0.0129141 -6.48787e-16 1
8000 30 0.011999 -6.9042e-16 1
8000 31 0.0109923 -7.70217e-16 1
8000 32 0.00989385 -7.56339e-16 1
8000 33 0.00870371 -8.46545e-16 1
8000 34 0.0074218 -9.05526e-16 1
8000 35 0.00604808 -1.0443e-15 1
8000 36 0.00458252 -1.1692e-15 1
8000 37 0.00302505 -1.17614e-15 1
8000 38 0.00137564 -1.13798e-15 1
8000 39 0 0 1

# Timestep: 8100
8100 0 0 0 1
8100 1 0.00137601 1.1588e-15 1
8100 2 0.00302587 1.15533e-15 1
8100 3 0.00458379 9.78384e-16 1
8100 4 0.0060498 9.54098e-16 1
8100 5 0.00742395 7.11237e-16 1
8100 6 0.00870628 7.38992e-16 1
8100 7 0.00989682 7.25114e-16 1
8100 8 0.0109956 7.38992e-16 1
8100 9 0.0120027 5.68989e-16 1
8100 10 0.0129181 6.03684e-16 1
8100 11 0.0137419 4.51028e-16 1
8100 12 0.0144741 4.92661e-16 1
8100 13 0.0151147 2.98372e-16 1
8100 14 0.0156637 3.88578e-16 1
8100 15 0.0161212 1.66533e-16 1
8100 16 0.0164872 2.15106e-16 1
8100 17 0.0167617 9.71445e-17 1
8100 18 0.0169446 1.94289e-16 1
8100 19 0.0170361 -1.38778e-16 1
8100 20 0.0170361 -3.81639e-17 1
8100 21 0.0169446 -2.60209e-16 1
8100 22 0.0167617 -1.249e-16 1
8100 23 0.0164872 -3.95517e-16 1
8100 24 0.0161212 -3.19189e-16 1
8100 25 0.0156637 -3.7817e-16 1
8100 26 0.0151147 -3.88578e-16 1
8100 27 0.0144741 -5.10009e-16 1
8100 28 0.0137419 -6.00214e-16 1
8100 29 0.0129181 -5.75928e-16 1
8100 30 0.0120027 -7.42462e-16 1
8100 31 0.0109956 -8.36137e-16 1
8100 32 0.00989682 -8.53484e-16 1
8100 33 0.00870628 -8.74301e-16 1
8100 34 0.00742395 -9.15934e-16 1
8100 35 0.0060498 -1.05124e-15 1
8100 36 0.00458379 -1.0443e-15 1
8100 37 0.00302587 -1.14145e-15 1
8100 38 0.00137601 -1.11716e-15 1
8100 39 0 0 1

# Timestep: 8200
8200 0 0 0 1
8200 1 0.00137635 1.14839e-15 1
8200 2 0.00302665 9.78384e-16 1
8200 3 0.00458499 9.92262e-16 1
8200 4 0.00605141 9.88792e-16 1
8200 5 0.00742596 7.80626e-16 1
8200 6 0.00870868 8.84709e-16 1
8200 7 0.0098996 6.66134e-16 1
8200 8 0.0109988 7.28584e-16 1
8200 9 0.0120062 6.03684e-16 1
8200 10 0.0129219 5.16948e-16 1
8200 11 0.013746 5.55112e-16 1
8200 12 0.0144784 6.10623e-16 1
8200 13 0.0151192 3.85109e-16 1
8200 14 0.0156685 4.4062e-16 1
8200 15 0.0161261 2.42861e-16 1
8200 16 0.0164923 1.56125e-16 1
8200 17 0.0167668 -6.245e-17 1
8200 18 0.0169499 -6.59195e-17 1
8200 19 0.0170414 -1.38778e-17 1
8200 20 0.0170414 3.46945e-17 1
8200 21 0.0169499 1.04083e-17 1
8200 22 0.0167668 -4.51028e-17 1
8200 23 0.0164923 -1.17961e-16 1
8200 24 0.0161261 -1.9082e-16 1
8200 25 0.0156685 -3.71231e-16 1
8200 26 0.0151192 -3.64292e-16 1
8200 27 0.0144784 -4.82253e-16 1
8200 28 0.013746 -5.0307e-16 1
8200 29 0.0129219 -5.51642e-16 1
8200 30 0.0120062 -6.07153e-16 1
8200 31 0.0109988 -7.66748e-16 1
8200 32 0.0098996 -7.28584e-16 1
8200 33 0.00870868 -8.8124e-16 1
8200 34 0.00742596 -7.94503e-16 1
8200 35 0.00605141 -9.57567e-16 1
8200 36 0.00458499 -9.74915e-16 1
8200 37 0.00302665 -1.13104e-15 1
8200 38 0.00137635 -1.1241e-15 1
8200 39 0 0 1

# Timestep: 8300
8300 0 0 0 1
8300 1 0.00137667 1.09981e-15 1
8300 2 0.00302737 1.14492e-15 1
8300 3 0.0045861 1.02696e-15 1
8300 4 0.00605292 9.54098e-16 1
8300 5 0.00742785 9.05526e-16 1
8300 6 0.00871093 7.70217e-16 1
8300 7 0.0099022 7.11237e-16 1
8300 8 0.0110017 8.25728e-16 1
8300 9 0.0120094 7.18176e-16 1
8300 10 0.0129255 8.11851e-16 1
8300 11 0.0137498 5.48173e-16 1
8300 12 0.0144825 6.17562e-16 1
8300 13 0.0151235 4.996e-16 1
8300 14 0.0156729 4.51028e-16 1
8300 15 0.0161308 2.5327e-16 1
8300 16 0.016497 2.67147e-16 1
8300 17 0.0167717 7.63278e-17 1
8300 18 0.0169548 1.56125e-16 1
8300 19 0.0170463 -8.67362e-17 1
8300 20 0.0170463 -5.20417e-17 1
8300 21 0.0169548 -7.97973e-17 1
8300 22 0.0167717 8.32667e-17 1
8300 23 0.016497 -2.08167e-16 1
8300 24 0.0161308 -2.60209e-16 1
8300 25 0.0156729 -4.51028e-16 1
8300 26 0.0151235 -5.34295e-16 1
8300 27 0.0144825 -5.89806e-16 1
8300 28 0.0137498 -6.03684e-16 1
8300 29 0.0129255 -8.04912e-16 1
8300 30 0.0120094 -7.28584e-16 1
8300 31 0.0110017 -7.77156e-16 1
8300 32 0.0099022 -7.87564e-16 1
8300 33 0.00871093 -8.88178e-16 1
8300 34 0.00742785 -9.64506e-16 1
8300 35 0.00605292 -1.12063e-15 1
8300 36 0.0045861 -1.01655e-15 1
8300 37 0.00302737 -1.1692e-15 1
8300 38 0.00137667 -1.09635e-15 1
8300 39 0 0 1

# Timestep: 8400
8400 0 0 0 1
8400 1 0.00137697 1.22125e-15 1
8400 2 0.00302804 1.17614e-15 1
8400 3 0.00458715 1.0443e-15 1
8400 4 0.00605433 9.4022e-16 1
8400 5 0.00742961 8.32667e-16 1
8400 6 0.00871304 7.63278e-16 1
8400 7 0.00990463 7.45931e-16 1
8400 8 0.0110044 7.25114e-16 1
8400 9 0.0120125 8.56953e-16 1
8400 10 0.0129288 6.48787e-16 1
8400 11 0.0137534 5.27356e-16 1
8400 12 0.0144863 4.96131e-16 1
8400 13 0.0151275 4.44089e-16 1
8400 14 0.0156771 3.57353e-16 1
8400 15 0.0161351 1.97758e-16 1
8400 16 0.0165015 2.56739e-16 1
8400 17 0.0167762 1.07553e-16 1
8400 18 0.0169594 1.04083e-16 1
8400 19 0.017051 -1.00614e-16 1
8400 20 0.017051 3.1225e-17 1
8400 21 0.0169594 -1.52656e-16 1
8400 22 0.0167762 -1.21431e-16 1
8400 23 0.0165015 -3.01842e-16 1
8400 24 0.0161351 -1.9082e-16 1
8400 25 0.0156771 -3.7817e-16 1
8400 26 0.0151275 -3.85109e-16 1
8400 27 0.0144863 -4.89192e-16 1
8400 28 0.0137534 -4.78784e-16 1
8400 29 0.0129288 -7.04298e-16 1
8400 30 0.0120125 -6.245e-16 1
8400 31 0.0110044 -7.11237e-16 1
8400 32 0.00990463 -6.9042e-16 1
8400 33 0.00871304 -8.04912e-16 1
8400 34 0.00742961 -8.60423e-16 1
8400 35 0.00605433 -1.02696e-15 1
8400 36 0.00458715 -1.08941e-15 1
8400 37 0.00302804 -1.18308e-15 1
8400 38 0.00137697 -1.17961e-15 1
8400 39 0 0 1

# Timestep: 8500
8500 0 0 0 1
8500 1 0.00137725 1.23512e-15 1
8500 2 0.00302868 1.23165e-15 1
8500 3 0.00458813 1.09981e-15 1
8500 4 0.00605565 1.00961e-15 1
8500 5 0.00743126 8.8124e-16 1
8500 6 0.00871501 8.56953e-16 1
8500 7 0.00990691 8.7777e-16 1
8500 8 0.011007 8.46545e-16 1
8500 9 0.0120153 7.84095e-16 1
8500 10 0.0129319 6.34909e-16 1
8500 11 0.0137567 5.30825e-16 1
8500 12 0.0144898 5.06539e-16 1
8500 13 0.0151313 4.89192e-16 1
8500 14 0.015681 4.57967e-16 1
8500 15 0.0161391 3.43475e-16 1
8500 16 0.0165056 2.60209e-16 1
8500 17 0.0167805 2.01228e-16 1
8500 18 0.0169637 2.01228e-16 1
8500 19 0.0170553 3.1225e-17 1
8500 20 0.0170553 1.04083e-17 1
8500 21 0.0169637 -1.2837e-16 1
8500 22 0.0167805 -1.00614e-16 1
8500 23 0.0165056 -3.92048e-16 1
8500 24 0.0161391 -3.01842e-16 1
8500 25 0.015681 -4.05925e-16 1
8500 26 0.0151313 -4.02456e-16 1
8500 27 0.0144898 -5.58581e-16 1
8500 28 0.0137567 -5.82867e-16 1
8500 29 0.0129319 -6.17562e-16 1
8500 30 0.0120153 -7.42462e-16 1
8500 31 0.011007 -6.59195e-16 1
8500 32 0.00990691 -7.04298e-16 1
8500 33 0.00871501 -7.84095e-16 1
8500 34 0.00743126 -9.47159e-16 1
8500 35 0.00605565 -9.33281e-16 1
8500 36 0.00458813 -1.06165e-15 1
8500 37 0.00302868 -1.28023e-15 1
8500 38 0.00137725 -1.33227e-15 1
8500 39 0 0 1

# Timestep: 8600
8600 0 0 0 1
8600 1 0.00137752 1.10675e-15 1
8600 2 0.00302927 1.00614e-15 1
8600 3 0.00458905 1.00961e-15 1
8600 4 0.00605688 9.81853e-16 1
8600 5 0.00743281 8.84709e-16 1
8600 6 0.00871685 8.70831e-16 1
8600 7 0.00990904 8.56953e-16 1
8600 8 0.0110094 7.84095e-16 1
8600 9 0.012018 7.11237e-16 1
8600 10 0.0129348 6.80012e-16 1
8600 11 0.0137598 4.09395e-16 1
8600 12 0.0144931 3.98986e-16 1
8600 13 0.0151348 4.16334e-16 1
8600 14 0.0156847 1.56125e-16 1
8600 15 0.0161429 2.70617e-16 1
8600 16 0.0165095 1.59595e-16 1
8600 17 0.0167844 1.97758e-16 1
8600 18 0.0169677 9.36751e-17 1
8600 19 0.0170593 6.93889e-18 1
8600 20 0.0170593 -4.16334e-17 1
8600 21 0.0169677 -9.36751e-17 1
8600 22 0.0167844 -3.81639e-17 1
8600 23 0.0165095 -1.31839e-16 1
8600 24 0.0161429 -2.77556e-16 1
8600 25 0.0156847 -1.80411e-16 1
8600 26 0.0151348 -2.70617e-16 1
8600 27 0.0144931 -3.88578e-16 1
8600 28 0.0137598 -4.96131e-16 1
8600 29 0.0129348 -6.2797e-16 1
8600 30 0.012018 -7.28584e-16 1
8600 31 0.0110094 -6.245e-16 1
8600 32 0.00990904 -7.73687e-16 1
8600 33 0.00871685 -7.63278e-16 1
8600 34 0.00743281 -9.74915e-16 1
8600 35 0.00605688 -9.36751e-16 1
8600 36 0.00458905 -1.05818e-15 1
8600 37 0.00302927 -1.02002e-15 1
8600 38 0.00137752 -1.11022e-15 1
8600 39 0 0 1

# Timestep: 8700
8700 0 0 0 1
8700 1 0.00137777 1.1241e-15 1
8700 2 0.00302982 1.00961e-15 1
8700 3 0.0045899 1.03043e-15 1
8700 4 0.00605804 9.19403e-16 1
8700 5 0.00743425 8.95117e-16 1
8700 6 0.00871858 8.29198e-16 1
8700 7 0.00991104 9.22873e-16 1
8700 8 0.0110117 7.04298e-16 1
8700 9 0.0120205 6.83481e-16 1
8700 10 0.0129375 5.55112e-16 1
8700 11 0.0137628 5.41234e-16 1
8700 12 0.0144963 3.7817e-16 1
8700 13 0.015138 3.7817e-16 1
8700 14 0.0156881 2.498e-16 1
8700 15 0.0161465 3.85109e-16 1
8700 16 0.0165131 1.70003e-16 1
8700 17 0.0167881 1.8735e-16 1
8700 18 0.0169715 -3.46945e-18 1
8700 19 0.0170631 -1.38778e-17 1
8700 20 0.0170631 -1.56125e-16 1
8700 21 0.0169715 -1.73472e-17 1
8700 22 0.0167881 -1.97758e-16 1
8700 23 0.0165131 -1.73472e-16 1
8700 24 0.0161465 -4.68375e-16 1
8700 25 0.0156881 -3.92048e-16 1
8700 26 0.015138 -4.61436e-16 1
8700 27 0.0144963 -4.61436e-16 1
8700 28 0.0137628 -6.62664e-16 1
8700 29 0.0129375 -6.41848e-16 1
8700 30 0.0120205 -8.63892e-16 1
8700 31 0.0110117 -7.25114e-16 1
8700 32 0.00991104 -9.61037e-16 1
8700 33 0.00871858 -8.84709e-16 1
8700 34 0.00743425 -9.71445e-16 1
8700 35 0.00605804 -1.06512e-15 1
8700 36 0.0045899 -1.11022e-15 1
8700 37 0.00302982 -1.12757e-15 1
8700 38 0.00137777 -1.1241e-15 1
8700 39 0 0 1

# Timestep: 8800
8800 0 0 0 1
8800 1 0.001378 1.15186e-15 1
8800 2 0.00303034 1.02696e-15 1
8800 3 0.00459071 1.00961e-15 1
8800 4 0.00605912 9.15934e-16 1
8800 5 0.0074356 9.50628e-16 1
8800 6 0.00872019 7.63278e-16 1
8800 7 0.00991291 7.77156e-16 1
8800 8 0.0110138 6.55725e-16 1
8800 9 0.0120228 6.73073e-16 1
8800 10 0.01294 5.37764e-16 1
8800 11 0.0137655 7.04298e-16 1
8800 12 0.0144992 4.4062e-16 1
8800 13 0.0151411 5.23886e-16 1
8800 14 0.0156913 3.36536e-16 1
8800 15 0.0161498 2.84495e-16 1
8800 16 0.0165166 1.45717e-16 1
8800 17 0.0167916 1.80411e-16 1
8800 18 0.016975 2.77556e-17 1
8800 19 0.0170667 3.81639e-17 1
8800 20 0.0170667 -1.45717e-16 1
8800 21 0.016975 -1.49186e-16 1
8800 22 0.0167916 -4.05925e-16 1
8800 23 0.0165166 -2.28983e-16 1
8800 24 0.0161498 -3.40006e-16 1
8800 25 0.0156913 -3.29597e-16 1
8800 26 0.0151411 -4.64906e-16 1
8800 27 0.0144992 -4.51028e-16 1
8800 28 0.0137655 -7.25114e-16 1
8800 29 0.01294 -5.27356e-16 1
8800 30 0.0120228 -7.11237e-16 1
8800 31 0.0110138 -5.48173e-16 1
8800 32 0.00991291 -7.5287e-16 1
8800 33 0.00872019 -8.04912e-16 1
8800 34 0.0074356 -1.2941e-15 1
8800 35 0.00605912 -1.15533e-15 1
8800 36 0.00459071 -1.32186e-15 1
8800 37 0.00303034 -1.12063e-15 1
8800 38 0.001378 -1.15186e-15 1
8800 39 0 0 1

# Timestep: 8900
8900 0 0 0 1
8900 1 0.00137821 1.1588e-15 1
8900 2 0.00303083 1.02349e-15 1
8900 3 0.00459146 1.05818e-15 1
8900 4 0.00606013 9.85323e-16 1
8900 5 0.00743687 9.29812e-16 1
8900 6 0.0087217 8.88178e-16 1
8900 7 0.00991465 8.91648e-16 1
8900 8 0.0110157 5.20417e-16 1
8900 9 0.012025 7.11237e-16 1
8900 10 0.0129424 5.44703e-16 1
8900 11 0.013768 6.03684e-16 1
8900 12 0.0145019 4.78784e-16 1
8900 13 0.015144 5.6205e-16 1
8900 14 0.0156943 3.88578e-16 1
8900 15 0.0161529 3.71231e-16 1
8900 16 0.0165197 1.00614e-16 1
8900 17 0.0167949 2.74086e-16 1
8900 18 0.0169783 2.42861e-17 1
8900 19 0.01707 6.93889e-18 1
8900 20 0.01707 -2.35922e-16 1
8900 21 0.0169783 -1.07553e-16 1
8900 22 0.0167949 -3.88578e-16 1
8900 23 0.0165197 -2.22045e-16 1
8900 24 0.0161529 -4.89192e-16 1
8900 25 0.0156943 -3.53884e-16 1
8900 26 0.015144 -6.8695e-16 1
8900 27 0.0145019 -4.68375e-16 1
8900 28 0.013768 -8.88178e-16 1
8900 29 0.0129424 -5.13478e-16 1
8900 30 0.012025 -8.50015e-16 1
8900 31 0.0110157 -5.72459e-16 1
8900 32 0.00991465 -8.74301e-16 1
8900 33 0.0087217 -7.18176e-16 1
8900 34 0.00743687 -1.07553e-15 1
8900 35 0.00606013 -9.92262e-16 1
8900 36 0.00459146 -1.05818e-15 1
8900 37 0.00303083 -1.07206e-15 1
8900 38 0.00137821 -1.15186e-15 1
8900 39 0 0 1

# Timestep: 9000
9000 0 0 0 1
9000 1 0.00137842 1.11716e-15 1
9000 2 0.00303128 1.07206e-15 1
9000 3 0.00459216 1.06859e-15 1
9000 4 0.00606108 9.57567e-16 1
9000 5 0.00743806 7.84095e-16 1
9000 6 0.00872312 8.18789e-16 1
9000 7 0.00991629 6.73073e-16 1
9000 8 0.0110176 6.9042e-16 1
9000 9 0.012027 5.6205e-16 1
9000 10 0.0129446 5.6205e-16 1
9000 11 0.0137704 5.10009e-16 1
9000 12 0.0145044 4.33681e-16 1
9000 13 0.0151467 4.33681e-16 1
9000 14 0.0156971 2.94903e-16 1
9000 15 0.0161558 2.74086e-16 1
9000 16 0.0165227 1.70003e-16 1
9000 17 0.0167979 1.94289e-16 1
9000 18 0.0169814 3.81639e-17 1
9000 19 0.0170731 2.01228e-16 1
9000 20 0.0170731 -3.81639e-17 1
9000 21 0.0169814 1.80411e-16 1
9000 22 0.0167979 -2.42861e-16 1
9000 23 0.0165227 -2.56739e-16 1
9000 24 0.0161558 -5.10009e-16 1
9000 25 0.0156971 -2.81025e-16 1
9000 26 0.0151467 -5.68989e-16 1
9000 27 0.0145044 -4.44089e-16 1
9000 28 0.0137704 -6.83481e-16 1
9000 29 0.0129446 -5.72459e-16 1
9000 30 0.012027 -7.73687e-16 1
9000 31 0.0110176 -6.59195e-16 1
9000 32 0.00991629 -8.18789e-16 1
9000 33 0.00872312 -7.73687e-16 1
9000 34 0.00743806 -9.67976e-16 1
9000 35 0.00606108 -9.47159e-16 1
9000 36 0.00459216 -1.16573e-15 1
9000 37 0.00303128 -1.06512e-15 1
9000 38 0.00137842 -1.13798e-15 1
9000 39 0 0 1

# Timestep: 9100
9100 0 0 0 1
9100 1 0.0013786 1.21084e-15 1
9100 2 0.00303171 1.15186e-15 1
9100 3 0.00459282 1.09288e-15 1
9100 4 0.00606196 1.079e-15 1
9100 5 0.00743916 8.53484e-16 1
9100 6 0.00872444 8.11851e-16 1
9100 7 0.00991782 7.25114e-16 1
9100 8 0.0110193 6.80012e-16 1
9100 9 0.0120289 6.41848e-16 1
9100 10 0.0129467 5.6552e-16 1
9100 11 0.0137727 4.44089e-16 1
9100 12 0.0145068 3.7817e-16 1
9100 13 0.0151492 4.78784e-16 1
9100 14 0.0156997 2.25514e-16 1
9100 15 0.0161585 2.25514e-16 1
9100 16 0.0165255 1.9082e-16 1
9100 17 0.0168008 3.64292e-16 1
9100 18 0.0169843 -2.08167e-17 1
9100 19 0.017076 2.77556e-17 1
9100 20 0.017076 -1.56125e-16 1
9100 21 0.0169843 -7.97973e-17 1
9100 22 0.0168008 -3.40006e-16 1
9100 23 0.0165255 -1.38778e-16 1
9100 24 0.0161585 -3.60822e-16 1
9100 25 0.0156997 -3.1225e-16 1
9100 26 0.0151492 -5.06539e-16 1
9100 27 0.0145068 -3.7817e-16 1
9100 28 0.0137727 -6.41848e-16 1
9100 29 0.0129467 -6.00214e-16 1
9100 30 0.0120289 -7.63278e-16 1
9100 31 0.0110193 -5.34295e-16 1
9100 32 0.00991782 -7.04298e-16 1
9100 33 0.00872444 -7.63278e-16 1
9100 34 0.00743916 -9.22873e-16 1
9100 35 0.00606196 -9.78384e-16 1
9100 36 0.00459282 -9.99201e-16 1
9100 37 0.00303171 -1.11716e-15 1
9100 38 0.0013786 -1.17961e-15 1
9100 39 0 0 1

# Timestep: 9200
9200 0 0 0 1
9200 1 0.00137878 1.12757e-15 1
9200 2 0.0030321 9.33281e-16 1
9200 3 0.00459343 1.02002e-15 1
9200 4 0.00606279 9.12465e-16 1
9200 5 0.0074402 1.12757e-15 1
9200 6 0.00872568 7.42462e-16 1
9200 7 0.00991925 9.47159e-16 1
9200 8 0.0110209 6.17562e-16 1
9200 9 0.0120307 8.1532e-16 1
9200 10 0.0129487 5.23886e-16 1
9200 11 0.0137748 5.51642e-16 1
9200 12 0.0145091 3.64292e-16 1
9200 13 0.0151515 4.05925e-16 1
9200 14 0.0157022 2.60209e-16 1
9200 15 0.0161611 3.36536e-16 1
9200 16 0.0165281 2.04697e-16 1
9200 17 0.0168035 2.08167e-16 1
9200 18 0.016987 1.42247e-16 1
9200 19 0.0170788 4.51028e-17 1
9200 20 0.0170788 -4.16334e-17 1
9200 21 0.016987 -3.46945e-18 1
9200 22 0.0168035 -2.60209e-16 1
9200 23 0.0165281 -2.28983e-16 1
9200 24 0.0161611 -3.33067e-16 1
9200 25 0.0157022 -2.28983e-16 1
9200 26 0.0151515 -3.22659e-16 1
9200 27 0.0145091 -3.1225e-16 1
9200 28 0.0137748 -4.16334e-16 1
9200 29 0.0129487 -6.17562e-16 1
9200 30 0.0120307 -6.93889e-16 1
9200 31 0.0110209 -8.60423e-16 1
9200 32 0.00991925 -8.8124e-16 1
9200 33 0.00872568 -9.88792e-16 1
9200 34 0.0074402 -9.92262e-16 1
9200 35 0.00606279 -9.54098e-16 1
9200 36 0.00459343 -1.08594e-15 1
9200 37 0.0030321 -1.01655e-15 1
9200 38 0.00137878 -1.19349e-15 1
9200 39 0 0 1

# Timestep: 9300
9300 0 0 0 1
9300 1 0.00137895 1.12757e-15 1
9300 2 0.00303248 1.05124e-15 1
9300 3 0.00459401 1.0339e-15 1
9300 4 0.00606357 8.7777e-16 1
9300 5 0.00744117 8.70831e-16 1
9300 6 0.00872684 8.08381e-16 1
9300 7 0.00992059 7.07767e-16 1
9300 8 0.0110224 6.83481e-16 1
9300 9 0.0120324 5.75928e-16 1
9300 10 0.0129505 5.30825e-16 1
9300 11 0.0137768 4.33681e-16 1
9300 12 0.0145112 3.95517e-16 1
9300 13 0.0151537 3.81639e-16 1
9300 14 0.0157045 2.63678e-16 1
9300 15 0.0161634 3.85109e-16 1
9300 16 0.0165306 2.08167e-16 1
9300 17 0.0168059 7.28584e-17 1
9300 18 0.0169895 -3.46945e-17 1
9300 19 0.0170813 4.51028e-17 1
9300 20 0.0170813 -1.70003e-16 1
9300 21 0.0169895 -3.81639e-17 1
9300 22 0.0168059 -4.51028e-17 1
9300 23 0.0165306 -1.31839e-16 1
9300 24 0.0161634 -3.81639e-16 1
9300 25 0.0157045 -3.53884e-16 1
9300 26 0.0151537 -4.19803e-16 1
9300 27 0.0145112 -4.71845e-16 1
9300 28 0.0137768 -4.89192e-16 1
9300 29 0.0129505 -5.48173e-16 1
9300 30 0.0120324 -7.07767e-16 1
9300 31 0.0110224 -6.9042e-16 1
9300 32 0.00992059 -7.49401e-16 1
9300 33 0.00872684 -6.97359e-16 1
9300 34 0.00744117 -9.22873e-16 1
9300 35 0.00606357 -9.22873e-16 1
9300 36 0.00459401 -1.05471e-15 1
9300 37 0.00303248 -1.08594e-15 1
9300 38 0.00137895 -1.09635e-15 1
9300 39 0 0 1

# Timestep: 9400
9400 0 0 0 1
9400 1 0.0013791 1.13104e-15 1
9400 2 0.00303282 1.0443e-15 1
9400 3 0.00459455 1.0339e-15 1
9400 4 0.0060643 1.0339e-15 1
9400 5 0.00744208 1.04083e-15 1
9400 6 0.00872793 8.98587e-16 1
9400 7 0.00992185 9.78384e-16 1
9400 8 0.0110239 7.38992e-16 1
9400 9 0.012034 7.66748e-16 1
9400 10 0.0129522 4.09395e-16 1
9400 11 0.0137786 6.34909e-16 1
9400 12 0.0145131 4.02456e-16 1
9400 13 0.0151558 4.78784e-16 1
9400 14 0.0157066 2.56739e-16 1
9400 15 0.0161657 4.30211e-16 1
9400 16 0.0165329 1.66533e-16 1
9400 17 0.0168083 2.60209e-16 1
9400 18 0.0169919 1.04083e-16 1
9400 19 0.0170837 1.11022e-16 1
9400 20 0.0170837 0 1
9400 21 0.0169919 -1.49186e-16 1
9400 22 0.0168083 -2.22045e-16 1
9400 23 0.0165329 -2.15106e-16 1
9400 24 0.0161657 -3.92048e-16 1
9400 25 0.0157066 -3.05311e-16 1
9400 26 0.0151558 -4.75314e-16 1
9400 27 0.0145131 -4.30211e-16 1
9400 28 0.0137786 -5.51642e-16 1
9400 29 0.0129522 -5.23886e-16 1
9400 30 0.012034 -6.41848e-16 1
9400 31 0.0110239 -7.56339e-16 1
9400 32 0.00992185 -8.25728e-16 1
9400 33 0.00872793 -8.56953e-16 1
9400 34 0.00744208 -9.78384e-16 1
9400 35 0.0060643 -1.05124e-15 1
9400 36 0.00459455 -1.06859e-15 1
9400 37 0.00303282 -1.08594e-15 1
9400 38 0.0013791 -1.13798e-15 1
9400 39 0 0 1

# Timestep: 9500
9500 0 0 0 1
9500 1 0.00137925 1.07206e-15 1
9500 2 0.00303315 1.10675e-15 1
9500 3 0.00459505 1.07553e-15 1
9500 4 0.00606498 9.4022e-16 1
9500 5 0.00744293 9.4369e-16 1
9500 6 0.00872894 8.01442e-16 1
9500 7 0.00992302 9.29812e-16 1
9500 8 0.0110252 6.80012e-16 1
9500 9 0.0120354 7.18176e-16 1
9500 10 0.0129538 4.61436e-16 1
9500 11 0.0137803 4.54498e-16 1
9500 12 0.0145149 3.92048e-16 1
9500 13 0.0151577 4.68375e-16 1
9500 14 0.0157087 2.60209e-16 1
9500 15 0.0161678 4.12864e-16 1
9500 16 0.016535 3.46945e-17 1
9500 17 0.0168105 5.89806e-17 1
9500 18 0.0169941 -9.71445e-17 1
9500 19 0.0170859 -2.08167e-17 1
9500 20 0.0170859 -9.02056e-17 1
9500 21 0.0169941 -5.89806e-17 1
9500 22 0.0168105 -3.08781e-16 1
9500 23 0.016535 -1.9082e-16 1
9500 24 0.0161678 -3.7817e-16 1
9500 25 0.0157087 -2.91434e-16 1
9500 26 0.0151577 -4.09395e-16 1
9500 27 0.0145149 -5.79398e-16 1
9500 28 0.0137803 -5.86337e-16 1
9500 29 0.0129538 -6.66134e-16 1
9500 30 0.0120354 -6.97359e-16 1
9500 31 0.0110252 -7.77156e-16 1
9500 32 0.00992302 -8.60423e-16 1
9500 33 0.00872894 -8.53484e-16 1
9500 34 0.00744293 -1.00614e-15 1
9500 35 0.00606498 -1.09981e-15 1
9500 36 0.00459505 -1.09288e-15 1
9500 37 0.00303315 -1.14839e-15 1
9500 38 0.00137925 -1.17267e-15 1
9500 39 0 0 1

# Timestep: 9600
9600 0 0 0 1
9600 1 0.00137938 1.18308e-15 1
9600 2 0.00303346 1.07553e-15 1
9600 3 0.00459553 9.22873e-16 1
9600 4 0.00606561 9.54098e-16 1
9600 5 0.00744373 8.88178e-16 1
9600 6 0.00872989 7.18176e-16 1
9600 7 0.00992412 8.11851e-16 1
9600 8 0.0110264 6.69603e-16 1
9600 9 0.0120368 7.45931e-16 1
9600 10 0.0129553 5.93275e-16 1
9600 11 0.0137819 5.75928e-16 1
9600 12 0.0145167 5.44703e-16 1
9600 13 0.0151595 4.92661e-16 1
9600 14 0.0157105 3.85109e-16 1
9600 15 0.0161697 3.81639e-16 1
9600 16 0.016537 2.77556e-16 1
9600 17 0.0168125 1.56125e-16 1
9600 18 0.0169962 -3.46945e-17 1
9600 19 0.017088 2.08167e-17 1
9600 20 0.017088 -5.20417e-17 1
9600 21 0.0169962 -5.20417e-17 1
9600 22 0.0168125 -2.35922e-16 1
9600 23 0.016537 -3.81639e-16 1
9600 24 0.0161697 -3.747e-16 1
9600 25 0.0157105 -2.63678e-16 1
9600 26 0.0151595 -3.22659e-16 1
9600 27 0.0145167 -3.92048e-16 1
9600 28 0.0137819 -4.54498e-16 1
9600 29 0.0129553 -5.89806e-16 1
9600 30 0.0120368 -6.48787e-16 1
9600 31 0.0110264 -7.04298e-16 1
9600 32 0.00992412 -8.1532e-16 1
9600 33 0.00872989 -8.53484e-16 1
9600 34 0.00744373 -9.78384e-16 1
9600 35 0.00606561 -8.70831e-16 1
9600 36 0.00459553 -8.60423e-16 1
9600 37 0.00303346 -9.81853e-16 1
9600 38 0.00137938 -1.08247e-15 1
9600 39 0 0 1

# Timestep: 9700
9700 0 0 0 1
9700 1 0.00137951 1.21431e-15 1
9700 2 0.00303374 1.04777e-15 1
9700 3 0.00459597 1.02002e-15 1
9700 4 0.00606621 1.07553e-15 1
9700 5 0.00744447 8.95117e-16 1
9700 6 0.00873078 1.02349e-15 1
9700 7 0.00992515 8.84709e-16 1
9700 8 0.0110276 8.22259e-16 1
9700 9 0.0120381 8.01442e-16 1
9700 10 0.0129567 8.08381e-16 1
9700 11 0.0137834 5.72459e-16 1
9700 12 0.0145183 4.89192e-16 1
9700 13 0.0151612 5.0307e-16 1
9700 14 0.0157123 2.77556e-16 1
9700 15 0.0161715 3.1225e-16 1
9700 16 0.0165389 2.08167e-16 1
9700 17 0.0168144 1.70003e-16 1
9700 18 0.0169981 3.81639e-17 1
9700 19 0.01709 1.31839e-16 1
9700 20 0.01709 4.85723e-17 1
9700 21 0.0169981 5.89806e-17 1
9700 22 0.0168144 -1.2837e-16 1
9700 23 0.0165389 -1.59595e-16 1
9700 24 0.0161715 -3.1225e-16 1
9700 25 0.0157123 -2.74086e-16 1
9700 26 0.0151612 -3.71231e-16 1
9700 27 0.0145183 -4.05925e-16 1
9700 28 0.0137834 -5.58581e-16 1
9700 29 0.0129567 -5.82867e-16 1
9700 30 0.0120381 -6.14092e-16 1
9700 31 0.0110276 -7.18176e-16 1
9700 32 0.00992515 -9.26342e-16 1
9700 33 0.00873078 -8.39606e-16 1
9700 34 0.00744447 -8.95117e-16 1
9700 35 0.00606621 -1.08594e-15 1
9700 36 0.00459597 -9.15934e-16 1
9700 37 0.00303374 -1.04083e-15 1
9700 38 0.00137951 -1.18655e-15 1
9700 39 0 0 1

# Timestep: 9800
9800 0 0 0 1
9800 1 0.00137963 1.10675e-15 1
9800 2 0.00303401 1.08247e-15 1
9800 3 0.00459638 9.99201e-16 1
9800 4 0.00606676 1.02349e-15 1
9800 5 0.00744517 8.56953e-16 1
9800 6 0.00873162 8.25728e-16 1
9800 7 0.00992611 7.87564e-16 1
9800 8 0.0110287 6.73073e-16 1
9800 9 0.0120393 6.69603e-16 1
9800 10 0.012958 7.32053e-16 1
9800 11 0.0137848 6.38378e-16 1
9800 12 0.0145198 7.42462e-16 1
9800 13 0.0151628 5.30825e-16 1
9800 14 0.015714 4.64906e-16 1
9800 15 0.0161732 1.80411e-16 1
9800 16 0.0165407 1.17961e-16 1
9800 17 0.0168162 1.07553e-16 1
9800 18 0.0169999 1.49186e-16 1
9800 19 0.0170918 1.66533e-16 1
9800 20 0.0170918 6.59195e-17 1
9800 21 0.0169999 5.89806e-17 1
9800 22 0.0168162 -3.1225e-17 1
9800 23 0.0165407 -3.81639e-17 1
9800 24 0.0161732 -1.17961e-16 1
9800 25 0.015714 -1.21431e-16 1
9800 26 0.0151628 -2.01228e-16 1
9800 27 0.0145198 -2.67147e-16 1
9800 28 0.0137848 -4.30211e-16 1
9800 29 0.012958 -5.30825e-16 1
9800 30 0.0120393 -6.52256e-16 1
9800 31 0.0110287 -6.9042e-16 1
9800 32 0.00992611 -8.39606e-16 1
9800 33 0.00873162 -8.8124e-16 1
9800 34 0.00744517 -8.70831e-16 1
9800 35 0.00606676 -1.06512e-15 1
9800 36 0.00459638 -9.88792e-16 1
9800 37 0.00303401 -1.079e-15 1
9800 38 0.00137963 -1.07553e-15 1
9800 39 0 0 1

# Timestep: 9900
9900 0 0 0 1
9900 1 0.00137974 1.22125e-15 1
9900 2 0.00303426 1.11716e-15 1
9900 3 0.00459677 9.50628e-16 1
9900 4 0.00606729 9.19403e-16 1
9900 5 0.00744582 9.71445e-16 1
9900 6 0.0087324 9.12465e-16 1
9900 7 0.00992701 8.63892e-16 1
9900 8 0.0110297 7.04298e-16 1
9900 9 0.0120404 7.11237e-16 1
9900 10 0.0129592 6.83481e-16 1
9900 11 0.0137862 7.80626e-16 1
9900 12 0.0145212 6.76542e-16 1
9900 13 0.0151643 6.00214e-16 1
9900 14 0.0157155 4.64906e-16 1
9900 15 0.0161748 4.4062e-16 1
9900 16 0.0165423 2.08167e-16 1
9900 17 0.0168179 3.22659e-16 1
9900 18 0.0170016 2.22045e-16 1
9900 19 0.0170935 1.70003e-16 1
9900 20 0.0170935 -1.73472e-16 1
9900 21 0.0170016 -1.21431e-16 1
9900 22 0.0168179 -1.42247e-16 1
9900 23 0.0165423 -1.00614e-16 1
9900 24 0.0161748 -1.49186e-16 1
9900 25 0.0157155 -3.81639e-16 1
9900 26 0.0151643 -2.63678e-16 1
9900 27 0.0145212 -5.93275e-16 1
9900 28 0.0137862 -5.58581e-16 1
9900 29 0.0129592 -7.07767e-16 1
9900 30 0.0120404 -6.10623e-16 1
9900 31 0.0110297 -7.04298e-16 1
9900 32 0.00992701 -7.49401e-16 1
9900 33 0.0087324 -9.54098e-16 1
9900 34 0.00744582 -9.67976e-16 1
9900 35 0.00606729 -1.01308e-15 1
9900 36 0.00459677 -9.99201e-16 1
9900 37 0.00303426 -1.18308e-15 1
9900 38 0.00137974 -1.16573e-15 1
9900 39 0 0 1

# Timestep: 10000
10000 0 0 0 1
10000 1 0.00137985 1.10675e-15 1
10000 2 0.00303449 1.07206e-15 1
10000 3 0.00459713 9.64506e-16 1
10000 4 0.00606777 9.88792e-16 1
10000 5 0.00744643 9.50628e-16 1
10000 6 0.00873312 1.05124e-15 1
10000 7 0.00992785 8.91648e-16 1
10000 8 0.0110306 8.46545e-16 1
10000 9 0.0120415 6.73073e-16 1
10000 10 0.0129604 6.245e-16 1
10000 11 0.0137874 6.03684e-16 1
10000 12 0.0145225 3.85109e-16 1
10000 13 0.0151657 4.64906e-16 1
10000 14 0.0157169 1.9082e-16 1
10000 15 0.0161763 2.70617e-16 1
10000 16 0.0165439 1.38778e-16 1
10000 17 0.0168195 5.89806e-17 1
10000 18 0.0170032 -6.245e-17 1
10000 19 0.0170951 5.89806e-17 1
10000 20 0.0170951 7.63278e-17 1
10000 21 0.0170032 6.93889e-17 1
10000 22 0.0168195 -2.46331e-16 1
10000 23 0.0165439 -8.32667e-17 1
10000 24 0.0161763 -1.45717e-16 1
10000 25 0.0157169 -1.56125e-16 1
10000 26 0.0151657 -3.01842e-16 1
10000 27 0.0145225 -3.67761e-16 1
10000 28 0.0137874 -4.82253e-16 1
10000 29 0.0129604 -6.55725e-16 1
10000 30 0.0120415 -6.245e-16 1
10000 31 0.0110306 -7.07767e-16 1
10000 32 0.00992785 -7.21645e-16 1
10000 33 0.00873312 -9.57567e-16 1
10000 34 0.00744643 -8.36137e-16 1
10000 35 0.00606777 -1.03736e-15 1
10000 36 0.00459713 -1.05124e-15 1
10000 37 0.00303449 -1.09635e-15 1
10000 38 0.00137985 -1.10328e-15 1
10000 39 0 0 1

# Timestep: 10100
10100 0 0 0 1
10100 1 0.00137994 1.12063e-15 1
10100 2 0.00303471 1.12757e-15 1
10100 3 0.00459747 1.10328e-15 1
10100 4 0.00606823 1.13798e-15 1
10100 5 0.00744701 9.26342e-16 1
10100 6 0.00873381 8.53484e-16 1
10100 7 0.00992864 7.45931e-16 1
10100 8 0.0110315 7.66748e-16 1
10100 9 0.0120425 6.10623e-16 1
10100 10 0.0129615 6.66134e-16 1
10100 11 0.0137885 5.75928e-16 1
10100 12 0.0145237 6.69603e-16 1
10100 13 0.015167 5.34295e-16 1
10100 14 0.0157183 4.996e-16 1
10100 15 0.0161777 4.51028e-16 1
10100 16 0.0165453 2.81025e-16 1
10100 17 0.016821 2.70617e-16 1
10100 18 0.0170047 1.52656e-16 1
10100 19 0.0170966 9.71445e-17 1
10100 20 0.0170966 -2.77556e-17 1
10100 21 0.0170047 -3.1225e-17 1
10100 22 0.016821 -2.5327e-16 1
10100 23 0.0165453 -1.97758e-16 1
10100 24 0.0161777 -3.40006e-16 1
10100 25 0.0157183 -4.26742e-16 1
10100 26 0.015167 -4.68375e-16 1
10100 27 0.0145237 -5.44703e-16 1
10100 28 0.0137885 -3.81639e-16 1
10100 29 0.0129615 -6.03684e-16 1
10100 30 0.0120425 -6.00214e-16 1
10100 31 0.0110315 -7.28584e-16 1
10100 32 0.00992864 -8.67362e-16 1
10100 33 0.00873381 -9.15934e-16 1
10100 34 0.00744701 -9.71445e-16 1
10100 35 0.00606823 -1.05124e-15 1
10100 36 0.00459747 -1.03043e-15 1
10100 37 0.00303471 -1.09288e-15 1
10100 38 0.00137994 -1.16573e-15 1
10100 39 0 0 1

# Timestep: 10200
10200 0 0 0 1
10200 1 0.00138004 1.33227e-15 1
10200 2 0.00303492 1.28023e-15 1
10200 3 0.00459779 1.21084e-15 1
10200 4 0.00606866 9.54098e-16 1
10200 5 0.00744754 9.33281e-16 1
10200 6 0.00873445 9.88792e-16 1
10200 7 0.00992938 9.54098e-16 1
10200 8 0.0110324 8.36137e-16 1
10200 9 0.0120434 7.63278e-16 1
10200 10 0.0129625 5.6205e-16 1
10200 11 0.0137896 5.55112e-16 1
10200 12 0.0145249 3.53884e-16 1
10200 13 0.0151682 5.10009e-16 1
10200 14 0.0157196 3.81639e-16 1
10200 15 0.0161791 3.40006e-16 1
10200 16 0.0165466 1.97758e-16 1
10200 17 0.0168223 2.39392e-16 1
10200 18 0.0170061 1.70003e-16 1
10200 19 0.017098 2.42861e-17 1
10200 20 0.017098 -8.67362e-17 1
10200 21 0.0170061 -1.70003e-16 1
10200 22 0.0168223 -1.9082e-16 1
10200 23 0.0165466 -1.97758e-16 1
10200 24 0.0161791 -2.498e-16 1
10200 25 0.0157196 -3.88578e-16 1
10200 26 0.0151682 -3.71231e-16 1
10200 27 0.0145249 -4.71845e-16 1
10200 28 0.0137896 -5.6552e-16 1
10200 29 0.0129625 -6.55725e-16 1
10200 30 0.0120434 -6.9042e-16 1
10200 31 0.0110324 -7.42462e-16 1
10200 32 0.00992938 -7.25114e-16 1
10200 33 0.00873445 -9.61037e-16 1
10200 34 0.00744754 -9.29812e-16 1
10200 35 0.00606866 -9.64506e-16 1
10200 36 0.00459779 -1.05124e-15 1
10200 37 0.00303492 -1.079e-15 1
10200 38 0.00138004 -1.11022e-15 1
10200 39 0 0 1

# Timestep: 10300
10300 0 0 0 1
10300 1 0.00138012 1.11369e-15 1
10300 2 0.00303511 1.00614e-15 1
10300 3 0.00459808 9.02056e-16 1
10300 4 0.00606906 9.15934e-16 1
10300 5 0.00744804 9.05526e-16 1
10300 6 0.00873504 8.22259e-16 1
10300 7 0.00993007 8.91648e-16 1
10300 8 0.0110331 7.63278e-16 1
10300 9 0.0120443 6.69603e-16 1
10300 10 0.0129634 5.6205e-16 1
10300 11 0.0137906 5.6205e-16 1
10300 12 0.0145259 5.6552e-16 1
10300 13 0.0151693 4.54498e-16 1
10300 14 0.0157207 2.5327e-16 1
10300 15 0.0161803 3.1225e-16 1
10300 16 0.0165479 2.28983e-16 1
10300 17 0.0168236 2.15106e-16 1
10300 18 0.0170074 1.38778e-16 1
10300 19 0.0170993 1.04083e-16 1
10300 20 0.0170993 1.38778e-17 1
10300 21 0.0170074 -9.71445e-17 1
10300 22 0.0168236 -3.29597e-16 1
10300 23 0.0165479 -3.71231e-16 1
10300 24 0.0161803 -3.43475e-16 1
10300 25 0.0157207 -4.02456e-16 1
10300 26 0.0151693 -4.19803e-16 1
10300 27 0.0145259 -5.86337e-16 1
10300 28 0.0137906 -6.45317e-16 1
10300 29 0.0129634 -7.07767e-16 1
10300 30 0.0120443 -7.21645e-16 1
10300 31 0.0110331 -8.95117e-16 1
10300 32 0.00993007 -8.74301e-16 1
10300 33 0.00873504 -9.12465e-16 1
10300 34 0.00744804 -8.67362e-16 1
10300 35 0.00606906 -1.10675e-15 1
10300 36 0.00459808 -9.61037e-16 1
10300 37 0.00303511 -1.1692e-15 1
10300 38 0.00138012 -1.13798e-15 1
10300 39 0 0 1

# Timestep: 10400
10400 0 0 0 1
10400 1 0.0013802 1.14839e-15 1
10400 2 0.00303529 1.11369e-15 1
10400 3 0.00459836 9.4022e-16 1
10400 4 0.00606943 1.04083e-15 1
10400 5 0.00744851 8.50015e-16 1
10400 6 0.0087356 9.26342e-16 1
10400 7 0.00993072 7.42462e-16 1
10400 8 0.0110339 7.35523e-16 1
10400 9 0.0120451 5.48173e-16 1
10400 10 0.0129643 6.14092e-16 1
10400 11 0.0137916 4.05925e-16 1
10400 12 0.0145269 4.47559e-16 1
10400 13 0.0151704 2.60209e-16 1
10400 14 0.0157219 2.498e-16 1
10400 15 0.0161814 2.32453e-16 1
10400 16 0.0165491 1.76942e-16 1
10400 17 0.0168248 1.9082e-16 1
10400 18 0.0170086 7.97973e-17 1
10400 19 0.0171006 6.93889e-17 1
10400 20 0.0171006 -6.93889e-18 1
10400 21 0.0170086 -2.08167e-17 1
10400 22 0.0168248 -1.35308e-16 1
10400 23 0.0165491 -1.2837e-16 1
10400 24 0.0161814 -2.18575e-16 1
10400 25 0.0157219 -4.05925e-16 1
10400 26 0.0151704 -3.95517e-16 1
10400 27 0.0145269 -4.09395e-16 1
10400 28 0.0137916 -4.54498e-16 1
10400 29 0.0129643 -5.58581e-16 1
10400 30 0.0120451 -6.8695e-16 1
10400 31 0.0110339 -7.04298e-16 1
10400 32 0.00993072 -7.94503e-16 1
10400 33 0.0087356 -8.01442e-16 1
10400 34 0.00744851 -9.47159e-16 1
10400 35 0.00606943 -9.47159e-16 1
10400 36 0.00459836 -1.02002e-15 1
10400 37 0.00303529 -1.02349e-15 1
10400 38 0.0013802 -1.16573e-15 1
10400 39 0 0 1

# Timestep: 10500
10500 0 0 0 1
10500 1 0.00138028 1.16573e-15 1
10500 2 0.00303546 1.08247e-15 1
10500 3 0.00459862 1.0339e-15 1
10500 4 0.00606978 9.36751e-16 1
10500 5 0.00744895 8.25728e-16 1
10500 6 0.00873613 8.22259e-16 1
10500 7 0.00993133 7.87564e-16 1
10500 8 0.0110346 6.97359e-16 1
10500 9 0.0120458 6.41848e-16 1
10500 10 0.0129651 5.68989e-16 1
10500 11 0.0137925 4.996e-16 1
10500 12 0.0145279 4.02456e-16 1
10500 13 0.0151714 3.33067e-16 1
10500 14 0.0157229 2.15106e-16 1
10500 15 0.0161825 2.60209e-16 1
10500 16 0.0165502 7.97973e-17 1
10500 17 0.0168259 1.8735e-16 1
10500 18 0.0170098 -1.38778e-16 1
10500 19 0.0171017 -8.67362e-17 1
10500 20 0.0171017 -1.38778e-16 1
10500 21 0.0170098 3.46945e-18 1
10500 22 0.0168259 -1.97758e-16 1
10500 23 0.0165502 -1.52656e-16 1
10500 24 0.0161825 -3.67761e-16 1
10500 25 0.0157229 -3.19189e-16 1
10500 26 0.0151714 -4.78784e-16 1
10500 27 0.0145279 -4.68375e-16 1
10500 28 0.0137925 -6.10623e-16 1
10500 29 0.0129651 -5.55112e-16 1
10500 30 0.0120458 -6.76542e-16 1
10500 31 0.0110346 -7.32053e-16 1
10500 32 0.00993133 -8.60423e-16 1
10500 33 0.00873613 -8.74301e-16 1
10500 34 0.00744895 -1.06859e-15 1
10500 35 0.00606978 -9.36751e-16 1
10500 36 0.00459862 -1.11716e-15 1
10500 37 0.00303546 -1.09288e-15 1
10500 38 0.00138028 -1.17961e-15 1
10500 39 0 0 1

# Timestep: 10600
10600 0 0 0 1
10600 1 0.00138035 1.13451e-15 1
10600 2 0.00303561 1.13104e-15 1
10600 3 0.00459887 1.04083e-15 1
10600 4 0.00607011 9.61037e-16 1
10600 5 0.00744936 9.33281e-16 1
10600 6 0.00873662 9.36751e-16 1
10600 7 0.00993189 6.8695e-16 1
10600 8 0.0110352 8.39606e-16 1
10600 9 0.0120465 5.23886e-16 1
10600 10 0.0129659 6.66134e-16 1
10600 11 0.0137933 2.84495e-16 1
10600 12 0.0145288 3.88578e-16 1
10600 13 0.0151723 2.22045e-16 1
10600 14 0.0157239 3.53884e-16 1
10600 15 0.0161835 2.60209e-16 1
10600 16 0.0165512 2.28983e-16 1
10600 17 0.016827 5.20417e-17 1
10600 18 0.0170109 3.46945e-17 1
10600 19 0.0171028 3.1225e-17 1
10600 20 0.0171028 1.04083e-17 1
10600 21 0.0170109 -6.59195e-17 1
10600 22 0.016827 -1.04083e-16 1
10600 23 0.0165512 -1.9082e-16 1
10600 24 0.0161835 -3.19189e-16 1
10600 25 0.0157239 -3.747e-16 1
10600 26 0.0151723 -5.89806e-16 1
10600 27 0.0145288 -5.86337e-16 1
10600 28 0.0137933 -6.52256e-16 1
10600 29 0.0129659 -5.82867e-16 1
10600 30 0.0120465 -7.35523e-16 1
10600 31 0.0110352 -6.41848e-16 1
10600 32 0.00993189 -9.26342e-16 1
10600 33 0.00873662 -9.26342e-16 1
10600 34 0.00744936 -9.4369e-16 1
10600 35 0.00607011 -9.08995e-16 1
10600 36 0.00459887 -1.12063e-15 1
10600 37 0.00303561 -1.15533e-15 1
10600 38 0.00138035 -1.17961e-15 1
10600 39 0 0 1

# Timestep: 10700
10700 0 0 0 1
10700 1 0.00138041 1.12757e-15 1
10700 2 0.00303576 1.05124e-15 1
10700 3 0.00459909 1.02696e-15 1
10700 4 0.00607042 9.92262e-16 1
10700 5 0.00744974 8.88178e-16 1
10700 6 0.00873708 9.29812e-16 1
10700 7 0.00993242 8.11851e-16 1
10700 8 0.0110358 7.66748e-16 1
10700 9 0.0120472 6.38378e-16 1
10700 10 0.0129666 6.69603e-16 1
10700 11 0.0137941 5.75928e-16 1
10700 12 0.0145296 3.747e-16 1
10700 13 0.0151732 4.19803e-16 1
10700 14 0.0157248 3.22659e-16 1
10700 15 0.0161845 2.498e-16 1
10700 16 0.0165522 2.5327e-16 1
10700 17 0.016828 2.11636e-16 1
10700 18 0.0170119 3.1225e-17 1
10700 19 0.0171038 1.38778e-17 1
10700 20 0.0171038 -1.38778e-17 1
10700 21 0.0170119 -1.63064e-16 1
10700 22 0.016828 -2.77556e-16 1
10700 23 0.0165522 -3.46945e-16 1
10700 24 0.0161845 -4.78784e-16 1
10700 25 0.0157248 -2.91434e-16 1
10700 26 0.0151732 -5.34295e-16 1
10700 27 0.0145296 -3.71231e-16 1
10700 28 0.0137941 -6.55725e-16 1
10700 29 0.0129666 -3.85109e-16 1
10700 30 0.0120472 -8.46545e-16 1
10700 31 0.0110358 -6.62664e-16 1
10700 32 0.00993242 -1.04777e-15 1
10700 33 0.00873708 -8.22259e-16 1
10700 34 0.00744974 -1.01308e-15 1
10700 35 0.00607042 -9.12465e-16 1
10700 36 0.00459909 -1.05818e-15 1
10700 37 0.00303576 -1.06165e-15 1
10700 38 0.00138041 -1.14492e-15 1
10700 39 0 0 1

# Timestep: 10800
10800 0 0 0 1
10800 1 0.00138047 1.13451e-15 1
10800 2 0.0030359 1.13798e-15 1
10800 3 0.00459931 9.92262e-16 1
10800 4 0.00607071 1.01655e-15 1
10800 5 0.0074501 9.29812e-16 1
10800 6 0.0087375 8.50015e-16 1
10800 7 0.00993292 7.66748e-16 1
10800 8 0.0110363 7.49401e-16 1
10800 9 0.0120478 6.245e-16 1
10800 10 0.0129673 6.03684e-16 1
10800 11 0.0137948 5.44703e-16 1
10800 12 0.0145304 5.20417e-16 1
10800 13 0.015174 4.61436e-16 1
10800 14 0.0157256 4.02456e-16 1
10800 15 0.0161853 3.88578e-16 1
10800 16 0.0165531 2.35922e-16 1
10800 17 0.0168289 2.01228e-16 1
10800 18 0.0170128 1.94289e-16 1
10800 19 0.0171047 1.49186e-16 1
10800 20 0.0171047 1.73472e-17 1
10800 21 0.0170128 9.36751e-17 1
10800 22 0.0168289 -1.04083e-16 1
10800 23 0.0165531 -2.18575e-16 1
10800 24 0.0161853 -5.79398e-16 1
10800 25 0.0157256 -6.00214e-16 1
10800 26 0.015174 -6.07153e-16 1
10800 27 0.0145304 -4.68375e-16 1
10800 28 0.0137948 -6.66134e-16 1
10800 29 0.0129673 -6.48787e-16 1
10800 30 0.0120478 -7.28584e-16 1
10800 31 0.0110363 -6.2797e-16 1
10800 32 0.00993292 -7.63278e-16 1
10800 33 0.0087375 -8.11851e-16 1
10800 34 0.0074501 -8.91648e-16 1
10800 35 0.00607071 -8.88178e-16 1
10800 36 0.00459931 -1.03736e-15 1
10800 37 0.0030359 -1.09288e-15 1
10800 38 0.00138047 -1.1241e-15 1
10800 39 0 0 1

# Timestep: 10900
10900 0 0 0 1
10900 1 0.00138053 1.1588e-15 1
10900 2 0.00303603 1.17267e-15 1
10900 3 0.00459951 1.04083e-15 1
10900 4 0.00607098 1.079e-15 1
10900 5 0.00745044 9.71445e-16 1
10900 6 0.00873791 9.26342e-16 1
10900 7 0.00993338 8.63892e-16 1
10900 8 0.0110369 7.11237e-16 1
10900 9 0.0120484 5.93275e-16 1
10900 10 0.0129679 5.82867e-16 1
10900 11 0.0137955 6.62664e-16 1
10900 12 0.0145311 4.96131e-16 1
10900 13 0.0151747 4.3715e-16 1
10900 14 0.0157264 3.08781e-16 1
10900 15 0.0161862 2.74086e-16 1
10900 16 0.0165539 2.11636e-16 1
10900 17 0.0168298 2.11636e-16 1
10900 18 0.0170137 3.81639e-17 1
10900 19 0.0171056 7.28584e-17 1
10900 20 0.0171056 -5.89806e-17 1
10900 21 0.0170137 -1.04083e-16 1
10900 22 0.0168298 -1.52656e-16 1
10900 23 0.0165539 -1.56125e-16 1
10900 24 0.0161862 -1.97758e-16 1
10900 25 0.0157264 -2.63678e-16 1
10900 26 0.0151747 -3.81639e-16 1
10900 27 0.0145311 -5.96745e-16 1
10900 28 0.0137955 -6.14092e-16 1
10900 29 0.0129679 -6.03684e-16 1
10900 30 0.0120484 -6.66134e-16 1
10900 31 0.0110369 -6.2797e-16 1
10900 32 0.00993338 -7.80626e-16 1
10900 33 0.00873791 -9.02056e-16 1
10900 34 0.00745044 -9.33281e-16 1
10900 35 0.00607098 -8.84709e-16 1
10900 36 0.00459951 -1.03736e-15 1
10900 37 0.00303603 -1.079e-15 1
10900 38 0.00138053 -1.13798e-15 1
10900 39 0 0 1

# Timestep: 11000
11000 0 0 0 1
11000 1 0.00138059 1.13104e-15 1
11000 2 0.00303615 1.05818e-15 1
11000 3 0.00459969 9.99201e-16 1
11000 4 0.00607123 9.47159e-16 1
11000 5 0.00745075 9.05526e-16 1
11000 6 0.00873828 7.87564e-16 1
11000 7 0.00993382 8.50015e-16 1
11000 8 0.0110374 7.45931e-16 1
11000 9 0.0120489 6.41848e-16 1
11000 10 0.0129685 6.31439e-16 1
11000 11 0.0137961 6.48787e-16 1
11000 12 0.0145318 4.4062e-16 1
11000 13 0.0151755 4.44089e-16 1
11000 14 0.0157272 5.10009e-16 1
11000 15 0.0161869 4.61436e-16 1
11000 16 0.0165547 2.46331e-16 1
11000 17 0.0168306 2.25514e-16 1
11000 18 0.0170145 9.36751e-17 1
11000 19 0.0171064 1.21431e-16 1
11000 20 0.0171064 -7.28584e-17 1
11000 21 0.0170145 -4.16334e-17 1
11000 22 0.0168306 -2.63678e-16 1
11000 23 0.0165547 -2.84495e-16 1
11000 24 0.0161869 -4.92661e-16 1
11000 25 0.0157272 -4.51028e-16 1
11000 26 0.0151755 -6.76542e-16 1
11000 27 0.0145318 -4.96131e-16 1
11000 28 0.0137961 -7.32053e-16 1
11000 29 0.0129685 -5.75928e-16 1
11000 30 0.0120489 -6.62664e-16 1
11000 31 0.0110374 -6.62664e-16 1
11000 32 0.00993382 -8.8124e-16 1
11000 33 0.00873828 -7.70217e-16 1
11000 34 0.00745075 -9.54098e-16 1
11000 35 0.00607123 -8.22259e-16 1
11000 36 0.00459969 -9.99201e-16 1
11000 37 0.00303615 -1.23859e-15 1
11000 38 0.00138059 -1.23512e-15 1
11000 39 0 0 1

# Timestep: 11100
11100 0 0 0 1
11100 1 0.00138064 1.10328e-15 1
11100 2 0.00303626 1.01655e-15 1
11100 3 0.00459987 1.02349e-15 1
11100 4 0.00607146 9.12465e-16 1
11100 5 0.00745105 9.22873e-16 1
11100 6 0.00873863 9.22873e-16 1
11100 7 0.00993422 9.26342e-16 1
11100 8 0.0110378 6.10623e-16 1
11100 9 0.0120494 6.55725e-16 1
11100 10 0.0129691 5.44703e-16 1
11100 11 0.0137967 5.55112e-16 1
11100 12 0.0145324 4.54498e-16 1
11100 13 0.0151761 3.95517e-16 1
11100 14 0.0157279 3.50414e-16 1
11100 15 0.0161877 2.15106e-16 1
11100 16 0.0165555 1.8735e-16 1
11100 17 0.0168313 1.38778e-17 1
11100 18 0.0170153 1.52656e-16 1
11100 19 0.0171072 2.08167e-17 1
11100 20 0.0171072 -1.73472e-17 1
11100 21 0.0170153 -5.55112e-17 1
11100 22 0.0168313 -7.28584e-17 1
11100 23 0.0165555 -1.9082e-16 1
11100 24 0.0161877 -2.39392e-16 1
11100 25 0.0157279 -2.498e-16 1
11100 26 0.0151761 -3.57353e-16 1
11100 27 0.0145324 -3.71231e-16 1
11100 28 0.0137967 -4.96131e-16 1
11100 29 0.0129691 -5.41234e-16 1
11100 30 0.0120494 -6.14092e-16 1
11100 31 0.0110378 -6.34909e-16 1
11100 32 0.00993422 -8.22259e-16 1
11100 33 0.00873863 -8.95117e-16 1
11100 34 0.00745105 -9.22873e-16 1
11100 35 0.00607146 -9.92262e-16 1
11100 36 0.00459987 -1.01308e-15 1
11100 37 0.00303626 -1.12757e-15 1
11100 38 0.00138064 -1.09635e-15 1
11100 39 0 0 1

# Timestep: 11200
11200 0 0 0 1
11200 1 0.00138068 1.1692e-15 1
11200 2 0.00303637 1.11022e-15 1
11200 3 0.00460003 1.03043e-15 1
11200 4 0.00607168 1.03736e-15 1
11200 5 0.00745132 9.4022e-16 1
11200 6 0.00873896 9.4022e-16 1
11200 7 0.0099346 7.73687e-16 1
11200 8 0.0110383 6.8695e-16 1
11200 9 0.0120499 5.75928e-16 1
11200 10 0.0129696 4.96131e-16 1
11200 11 0.0137973 5.30825e-16 1
11200 12 0.014533 4.44089e-16 1
11200 13 0.0151767 4.16334e-16 1
11200 14 0.0157285 3.67761e-16 1
11200 15 0.0161883 3.36536e-16 1
11200 16 0.0165562 2.60209e-16 1
11200 17 0.0168321 1.70003e-16 1
11200 18 0.017016 1.17961e-16 1
11200 19 0.0171079 -1.73472e-17 1
11200 20 0.0171079 -9.36751e-17 1
11200 21 0.017016 -2.32453e-16 1
11200 22 0.0168321 -1.94289e-16 1
11200 23 0.0165562 -3.19189e-16 1
11200 24 0.0161883 -3.08781e-16 1
11200 25 0.0157285 -5.58581e-16 1
11200 26 0.0151767 -4.78784e-16 1
11200 27 0.014533 -6.03684e-16 1
11200 28 0.0137973 -6.00214e-16 1
11200 29 0.0129696 -6.80012e-16 1
11200 30 0.0120499 -6.52256e-16 1
11200 31 0.0110383 -6.8695e-16 1
11200 32 0.0099346 -7.04298e-16 1
11200 33 0.00873896 -8.39606e-16 1
11200 34 0.00745132 -9.05526e-16 1
11200 35 0.00607168 -1.10675e-15 1
11200 36 0.00460003 -1.11369e-15 1
11200 37 0.00303637 -1.15186e-15 1
11200 38 0.00138068 -1.17961e-15 1
11200 39 0 0 1

# Timestep: 11300
11300 0 0 0 1
11300 1 0.00138073 1.15533e-15 1
11300 2 0.00303647 1.04083e-15 1
11300 3 0.00460019 1.0443e-15 1
11300 4 0.00607189 9.81853e-16 1
11300 5 0.00745158 9.85323e-16 1
11300 6 0.00873927 8.98587e-16 1
11300 7 0.00993496 8.04912e-16 1
11300 8 0.0110387 7.77156e-16 1
11300 9 0.0120504 6.38378e-16 1
11300 10 0.0129701 7.07767e-16 1
11300 11 0.0137978 6.93889e-16 1
11300 12 0.0145336 6.2797e-16 1
11300 13 0.0151773 4.02456e-16 1
11300 14 0.0157291 4.4062e-16 1
11300 15 0.016189 3.85109e-16 1
11300 16 0.0165568 3.7817e-16 1
11300 17 0.0168327 1.73472e-16 1
11300 18 0.0170167 2.01228e-16 1
11300 19 0.0171086 3.46945e-17 1
11300 20 0.0171086 1.83881e-16 1
11300 21 0.0170167 0 1
11300 22 0.0168327 -5.20417e-17 1
11300 23 0.0165568 -2.5327e-16 1
11300 24 0.016189 -4.02456e-16 1
11300 25 0.0157291 -3.64292e-16 1
11300 26 0.0151773 -4.12864e-16 1
11300 27 0.0145336 -4.68375e-16 1
11300 28 0.0137978 -5.75928e-16 1
11300 29 0.0129701 -7.28584e-16 1
11300 30 0.0120504 -6.62664e-16 1
11300 31 0.0110387 -8.32667e-16 1
11300 32 0.00993496 -8.29198e-16 1
11300 33 0.00873927 -8.74301e-16 1
11300 34 0.00745158 -8.95117e-16 1
11300 35 0.00607189 -9.33281e-16 1
11300 36 0.00460019 -9.64506e-16 1
11300 37 0.00303647 -9.88792e-16 1
11300 38 0.00138073 -1.15186e-15 1
11300 39 0 0 1

# Timestep: 11400
11400 0 0 0 1
11400 1 0.00138077 1.18308e-15 1
11400 2 0.00303656 1.09288e-15 1
11400 3 0.00460033 1.08247e-15 1
11400 4 0.00607208 9.54098e-16 1
11400 5 0.00745182 9.08995e-16 1
11400 6 0.00873956 9.36751e-16 1
11400 7 0.00993529 6.69603e-16 1
11400 8 0.011039 6.76542e-16 1
11400 9 0.0120508 7.00828e-16 1
11400 10 0.0129705 7.45931e-16 1
11400 11 0.0137983 4.78784e-16 1
11400 12 0.0145341 4.82253e-16 1
11400 13 0.0151779 4.82253e-16 1
11400 14 0.0157297 4.54498e-16 1
11400 15 0.0161896 3.88578e-16 1
11400 16 0.0165574 3.40006e-16 1
11400 17 0.0168333 1.80411e-16 1
11400 18 0.0170173 8.67362e-17 1
11400 19 0.0171092 3.1225e-17 1
11400 20 0.0171092 -1.04083e-17 1
11400 21 0.0170173 -1.35308e-16 1
11400 22 0.0168333 -9.71445e-17 1
11400 23 0.0165574 -2.08167e-16 1
11400 24 0.0161896 -2.15106e-16 1
11400 25 0.0157297 -3.95517e-16 1
11400 26 0.0151779 -3.88578e-16 1
11400 27 0.0145341 -3.57353e-16 1
11400 28 0.0137983 -4.89192e-16 1
11400 29 0.0129705 -5.86337e-16 1
11400 30 0.0120508 -5.96745e-16 1
11400 31 0.011039 -6.62664e-16 1
11400 32 0.00993529 -6.55725e-16 1
11400 33 0.00873956 -8.29198e-16 1
11400 34 0.00745182 -8.84709e-16 1
11400 35 0.00607208 -1.01655e-15 1
11400 36 0.00460033 -1.08247e-15 1
11400 37 0.00303656 -1.09981e-15 1
11400 38 0.00138077 -1.15186e-15 1
11400 39 0 0 1

# Timestep: 11500
11500 0 0 0 1
11500 1 0.00138081 1.19349e-15 1
11500 2 0.00303665 1.13451e-15 1
11500 3 0.00460046 1.04083e-15 1
11500 4 0.00607226 9.50628e-16 1
11500 5 0.00745205 8.88178e-16 1
11500 6 0.00873983 7.28584e-16 1
11500 7 0.00993561 7.84095e-16 1
11500 8 0.0110394 6.83481e-16 1
11500 9 0.0120512 6.17562e-16 1
11500 10 0.0129709 6.14092e-16 1
11500 11 0.0137987 4.57967e-16 1
11500 12 0.0145346 4.71845e-16 1
11500 13 0.0151784 3.53884e-16 1
11500 14 0.0157302 3.53884e-16 1
11500 15 0.0161901 2.5327e-16 1
11500 16 0.016558 2.91434e-16 1
11500 17 0.0168339 1.04083e-16 1
11500 18 0.0170179 1.14492e-16 1
11500 19 0.0171098 -2.42861e-17 1
11500 20 0.0171098 -1.38778e-16 1
11500 21 0.0170179 -2.74086e-16 1
11500 22 0.0168339 -2.08167e-16 1
11500 23 0.016558 -3.05311e-16 1
11500 24 0.0161901 -1.83881e-16 1
11500 25 0.0157302 -2.81025e-16 1
11500 26 0.0151784 -2.91434e-16 1
11500 27 0.0145346 -4.71845e-16 1
11500 28 0.0137987 -5.13478e-16 1
11500 29 0.0129709 -6.76542e-16 1
11500 30 0.0120512 -6.48787e-16 1
11500 31 0.0110394 -8.08381e-16 1
11500 32 0.00993561 -7.45931e-16 1
11500 33 0.00873983 -7.11237e-16 1
11500 34 0.00745205 -8.1532e-16 1
11500 35 0.00607226 -9.50628e-16 1
11500 36 0.00460046 -1.11022e-15 1
11500 37 0.00303665 -1.12063e-15 1
11500 38 0.00138081 -1.16573e-15 1
11500 39 0 0 1

# Timestep: 11600
11600 0 0 0 1
11600 1 0.00138084 1.07553e-15 1
11600 2 0.00303673 1.01655e-15 1
11600 3 0.00460059 1.13798e-15 1
11600 4 0.00607243 1.0443e-15 1
11600 5 0.00745226 9.02056e-16 1
11600 6 0.00874008 8.98587e-16 1
11600 7 0.0099359 7.66748e-16 1
11600 8 0.0110397 6.80012e-16 1
11600 9 0.0120515 7.18176e-16 1
11600 10 0.0129713 6.8695e-16 1
11600 11 0.0137992 5.34295e-16 1
11600 12 0.014535 5.16948e-16 1
11600 13 0.0151789 3.46945e-16 1
11600 14 0.0157307 3.95517e-16 1
11600 15 0.0161906 1.49186e-16 1
11600 16 0.0165585 2.39392e-16 1
11600 17 0.0168345 5.89806e-17 1
11600 18 0.0170184 1.8735e-16 1
11600 19 0.0171104 0 1
11600 20 0.0171104 4.85723e-17 1
11600 21 0.0170184 -1.14492e-16 1
11600 22 0.0168345 -2.77556e-17 1
11600 23 0.0165585 -3.43475e-16 1
11600 24 0.0161906 -2.87964e-16 1
11600 25 0.0157307 -5.20417e-16 1
11600 26 0.0151789 -4.12864e-16 1
11600 27 0.014535 -5.34295e-16 1
11600 28 0.0137992 -5.72459e-16 1
11600 29 0.0129713 -7.25114e-16 1
11600 30 0.0120515 -6.69603e-16 1
11600 31 0.0110397 -7.25114e-16 1
11600 32 0.0099359 -7.70217e-16 1
11600 33 0.00874008 -1.03043e-15 1
11600 34 0.00745226 -9.19403e-16 1
11600 35 0.00607243 -1.14145e-15 1
11600 36 0.00460059 -1.13798e-15 1
11600 37 0.00303673 -1.14145e-15 1
11600 38 0.00138084 -1.08247e-15 1
11600 39 0 0 1

# Timestep: 11700
11700 0 0 0 1
11700 1 0.00138088 1.2039e-15 1
11700 2 0.0030368 1.16573e-15 1
11700 3 0.00460071 1.06512e-15 1
11700 4 0.00607259 9.99201e-16 1
11700 5 0.00745246 9.88792e-16 1
11700 6 0.00874032 9.74915e-16 1
11700 7 0.00993617 8.7777e-16 1
11700 8 0.01104 8.18789e-16 1
11700 9 0.0120519 6.38378e-16 1
11700 10 0.0129717 6.31439e-16 1
11700 11 0.0137996 4.996e-16 1
11700 12 0.0145354 5.58581e-16 1
11700 13 0.0151793 3.71231e-16 1
11700 14 0.0157312 5.44703e-16 1
11700 15 0.0161911 2.25514e-16 1
11700 16 0.016559 4.92661e-16 1
11700 17 0.016835 1.73472e-16 1
11700 18 0.0170189 3.33067e-16 1
11700 19 0.0171109 -2.42861e-17 1
11700 20 0.0171109 1.76942e-16 1
11700 21 0.0170189 -1.11022e-16 1
11700 22 0.016835 -8.32667e-17 1
11700 23 0.016559 -2.25514e-16 1
11700 24 0.0161911 -1.21431e-16 1
11700 25 0.0157312 -2.84495e-16 1
11700 26 0.0151793 -4.68375e-16 1
11700 27 0.0145354 -4.89192e-16 1
11700 28 0.0137996 -4.33681e-16 1
11700 29 0.0129717 -6.62664e-16 1
11700 30 0.0120519 -6.76542e-16 1
11700 31 0.01104 -7.5287e-16 1
11700 32 0.00993617 -6.83481e-16 1
11700 33 0.00874032 -8.56953e-16 1
11700 34 0.00745246 -8.56953e-16 1
11700 35 0.00607259 -9.78384e-16 1
11700 36 0.00460071 -1.01655e-15 1
11700 37 0.0030368 -1.08594e-15 1
11700 38 0.00138088 -1.23512e-15 1
11700 39 0 0 1

# Timestep: 11800
11800 0 0 0 1
11800 1 0.00138091 1.13451e-15 1
11800 2 0.00303687 1.03736e-15 1
11800 3 0.00460082 8.84709e-16 1
11800 4 0.00607274 1.01308e-15 1
11800 5 0.00745265 8.53484e-16 1
11800 6 0.00874054 1.00614e-15 1
11800 7 0.00993643 7.38992e-16 1
11800 8 0.0110403 8.18789e-16 1
11800 9 0.0120522 6.21031e-16 1
11800 10 0.0129721 8.32667e-16 1
11800 11 0.0138 5.93275e-16 1
11800 12 0.0145358 6.34909e-16 1
11800 13 0.0151797 4.19803e-16 1
11800 14 0.0157316 5.48173e-16 1
11800 15 0.0161916 2.35922e-16 1
11800 16 0.0165595 3.747e-16 1
11800 17 0.0168355 1.56125e-16 1
11800 18 0.0170194 1.76942e-16 1
11800 19 0.0171114 5.55112e-17 1
11800 20 0.0171114 3.46945e-18 1
11800 21 0.0170194 -1.49186e-16 1
11800 22 0.0168355 -1.45717e-16 1
11800 23 0.0165595 -2.5327e-16 1
11800 24 0.0161916 -1.8735e-16 1
11800 25 0.0157316 -2.11636e-16 1
11800 26 0.0151797 -3.19189e-16 1
11800 27 0.0145358 -5.48173e-16 1
11800 28 0.0138 -5.75928e-16 1
11800 29 0.0129721 -6.52256e-16 1
11800 30 0.0120522 -6.00214e-16 1
11800 31 0.0110403 -7.07767e-16 1
11800 32 0.00993643 -7.21645e-16 1
11800 33 0.00874054 -9.15934e-16 1
11800 34 0.00745265 -8.46545e-16 1
11800 35 0.00607274 -1.08247e-15 1
11800 36 0.00460082 -1.03043e-15 1
11800 37 0.00303687 -1.28716e-15 1
11800 38 0.00138091 -1.21431e-15 1
11800 39 0 0 1

# Timestep: 11900
11900 0 0 0 1
11900 1 0.00138094 1.1241e-15 1
11900 2 0.00303694 1.10675e-15 1
11900 3 0.00460092 9.67976e-16 1
11900 4 0.00607288 9.05526e-16 1
11900 5 0.00745282 7.87564e-16 1
11900 6 0.00874075 9.50628e-16 1
11900 7 0.00993667 1.05818e-15 1
11900 8 0.0110406 9.05526e-16 1
11900 9 0.0120525 6.62664e-16 1
11900 10 0.0129724 6.21031e-16 1
11900 11 0.0138003 4.89192e-16 1
11900 12 0.0145362 5.20417e-16 1
11900 13 0.0151801 3.29597e-16 1
11900 14 0.0157321 4.19803e-16 1
11900 15 0.016192 3.1225e-16 1
11900 16 0.0165599 3.747e-16 1
11900 17 0.0168359 2.42861e-17 1
11900 18 0.0170199 7.63278e-17 1
11900 19 0.0171119 -1.17961e-16 1
11900 20 0.0171119 0 1
11900 21 0.0170199 -1.04083e-16 1
11900 22 0.0168359 -3.1225e-17 1
11900 23 0.0165599 -3.57353e-16 1
11900 24 0.016192 -1.73472e-16 1
11900 25 0.0157321 -3.747e-16 1
11900 26 0.0151801 -4.4062e-16 1
11900 27 0.0145362 -5.6552e-16 1
11900 28 0.0138003 -5.37764e-16 1
11900 29 0.0129724 -5.82867e-16 1
11900 30 0.0120525 -6.17562e-16 1
11900 31 0.0110406 -7.87564e-16 1
11900 32 0.00993667 -8.08381e-16 1
11900 33 0.00874075 -9.50628e-16 1
11900 34 0.00745282 -8.53484e-16 1
11900 35 0.00607288 -9.81853e-16 1
11900 36 0.00460092 -9.33281e-16 1
11900 37 0.00303694 -1.11022e-15 1
11900 38 0.00138094 -1.11022e-15 1
11900 39 0 0 1

# Timestep: 12000
12000 0 0 0 1
12000 1 0.00138097 1.12063e-15 1
12000 2 0.003037 1.08941e-15 1
12000 3 0.00460101 9.85323e-16 1
12000 4 0.00607301 1.05818e-15 1
12000 5 0.00745298 8.70831e-16 1
12000 6 0.00874094 9.36751e-16 1
12000 7 0.00993689 7.87564e-16 1
12000 8 0.0110408 9.50628e-16 1
12000 9 0.0120528 7.32053e-16 1
12000 10 0.0129727 7.18176e-16 1
12000 11 0.0138006 4.02456e-16 1
12000 12 0.0145366 4.89192e-16 1
12000 13 0.0151805 4.02456e-16 1
12000 14 0.0157324 4.12864e-16 1
12000 15 0.0161924 3.01842e-16 1
12000 16 0.0165603 3.36536e-16 1
12000 17 0.0168363 6.59195e-17 1
12000 18 0.0170203 -2.42861e-17 1
12000 19 0.0171123 -1.73472e-16 1
12000 20 0.0171123 6.93889e-17 1
12000 21 0.0170203 -1.76942e-16 1
12000 22 0.0168363 6.93889e-18 1
12000 23 0.0165603 -3.7817e-16 1
12000 24 0.0161924 -1.76942e-16 1
12000 25 0.0157324 -3.33067e-16 1
12000 26 0.0151805 -1.83881e-16 1
12000 27 0.0145366 -4.89192e-16 1
12000 28 0.0138006 -4.33681e-16 1
12000 29 0.0129727 -6.8695e-16 1
12000 30 0.0120528 -5.6552e-16 1
12000 31 0.0110408 -7.77156e-16 1
12000 32 0.00993689 -6.76542e-16 1
12000 33 0.00874094 -9.26342e-16 1
12000 34 0.00745298 -7.45931e-16 1
12000 35 0.00607301 -9.33281e-16 1
12000 36 0.00460101 -9.74915e-16 1
12000 37 0.003037 -1.19002e-15 1
12000 38 0.00138097 -1.17961e-15 1
12000 39 0 0 1

# Timestep: 12100
12100 0 0 0 1
12100 1 0.00138099 1.09635e-15 1
12100 2 0.00303706 1.0443e-15 1
12100 3 0.0046011 1.08941e-15 1
12100 4 0.00607313 1.06165e-15 1
12100 5 0.00745313 8.43076e-16 1
12100 6 0.00874112 8.01442e-16 1
12100 7 0.0099371 7.21645e-16 1
12100 8 0.0110411 8.98587e-16 1
12100 9 0.012053 7.5287e-16 1
12100 10 0.012973 7.14706e-16 1
12100 11 0.0138009 5.16948e-16 1
12100 12 0.0145369 5.93275e-16 1
12100 13 0.0151808 4.71845e-16 1
12100 14 0.0157328 4.64906e-16 1
12100 15 0.0161928 3.60822e-16 1
12100 16 0.0165607 3.01842e-16 1
12100 17 0.0168367 3.1572e-16 1
12100 18 0.0170207 1.11022e-16 1
12100 19 0.0171127 2.28983e-16 1
12100 20 0.0171127 -3.81639e-17 1
12100 21 0.0170207 -4.51028e-17 1
12100 22 0.0168367 -1.14492e-16 1
12100 23 0.0165607 -1.8735e-16 1
12100 24 0.0161928 -2.70617e-16 1
12100 25 0.0157328 -3.67761e-16 1
12100 26 0.0151808 -4.85723e-16 1
12100 27 0.0145369 -5.48173e-16 1
12100 28 0.0138009 -5.13478e-16 1
12100 29 0.012973 -5.58581e-16 1
12100 30 0.012053 -6.38378e-16 1
12100 31 0.0110411 -7.77156e-16 1
12100 32 0.0099371 -6.55725e-16 1
12100 33 0.00874112 -8.74301e-16 1
12100 34 0.00745313 -8.70831e-16 1
12100 35 0.00607313 -1.0339e-15 1
12100 36 0.0046011 -1.06165e-15 1
12100 37 0.00303706 -1.07553e-15 1
12100 38 0.00138099 -1.09635e-15 1
12100 39 0 0 1

# Timestep: 12200
12200 0 0 0 1
12200 1 0.00138102 1.20043e-15 1
12200 2 0.00303711 1.08941e-15 1
12200 3 0.00460119 9.85323e-16 1
12200 4 0.00607324 1.079e-15 1
12200 5 0.00745328 9.4369e-16 1
12200 6 0.00874129 9.02056e-16 1
12200 7 0.0099373 7.32053e-16 1
12200 8 0.0110413 7.73687e-16 1
12200 9 0.0120533 7.49401e-16 1
12200 10 0.0129733 5.93275e-16 1
12200 11 0.0138012 5.6552e-16 1
12200 12 0.0145372 4.68375e-16 1
12200 13 0.0151812 4.12864e-16 1
12200 14 0.0157331 3.7817e-16 1
12200 15 0.0161931 3.53884e-16 1
12200 16 0.0165611 1.8735e-16 1
12200 17 0.0168371 1.04083e-16 1
12200 18 0.0170211 1.59595e-16 1
12200 19 0.0171131 7.63278e-17 1
12200 20 0.0171131 2.42861e-17 1
12200 21 0.0170211 -3.46945e-18 1
12200 22 0.0168371 -2.42861e-17 1
12200 23 0.0165611 -1.21431e-16 1
12200 24 0.0161931 -2.77556e-16 1
12200 25 0.0157331 -3.43475e-16 1
12200 26 0.0151812 -3.81639e-16 1
12200 27 0.0145372 -4.89192e-16 1
12200 28 0.0138012 -5.16948e-16 1
12200 29 0.0129733 -5.93275e-16 1
12200 30 0.0120533 -7.84095e-16 1
12200 31 0.0110413 -7.5287e-16 1
12200 32 0.0099373 -7.14706e-16 1
12200 33 0.00874129 -7.97973e-16 1
12200 34 0.00745328 -8.88178e-16 1
12200 35 0.00607324 -1.02349e-15 1
12200 36 0.00460119 -1.03043e-15 1
12200 37 0.00303711 -1.01655e-15 1
12200 38 0.00138102 -1.11716e-15 1
12200 39 0 0 1

# Timestep: 12300
12300 0 0 0 1
12300 1 0.00138104 1.26982e-15 1
12300 2 0.00303717 1.15186e-15 1
12300 3 0.00460127 9.85323e-16 1
12300 4 0.00607335 8.01442e-16 1
12300 5 0.00745341 7.73687e-16 1
12300 6 0.00874145 9.05526e-16 1
12300 7 0.00993748 7.49401e-16 1
12300 8 0.0110415 8.04912e-16 1
12300 9 0.0120535 6.48787e-16 1
12300 10 0.0129735 6.8695e-16 1
12300 11 0.0138015 4.26742e-16 1
12300 12 0.0145375 4.30211e-16 1
12300 13 0.0151815 3.747e-16 1
12300 14 0.0157335 3.95517e-16 1
12300 15 0.0161934 3.08781e-16 1
12300 16 0.0165614 2.67147e-16 1
12300 17 0.0168374 1.80411e-16 1
12300 18 0.0170214 7.63278e-17 1
12300 19 0.0171134 3.46945e-17 1
12300 20 0.0171134 6.59195e-17 1
12300 21 0.0170214 2.42861e-17 1
12300 22 0.0168374 -1.249e-16 1
12300 23 0.0165614 -1.56125e-16 1
12300 24 0.0161934 -2.22045e-16 1
12300 25 0.0157335 -4.23273e-16 1
12300 26 0.0151815 -5.0307e-16 1
12300 27 0.0145375 -3.98986e-16 1
12300 28 0.0138015 -4.23273e-16 1
12300 29 0.0129735 -4.47559e-16 1
12300 30 0.0120535 -5.82867e-16 1
12300 31 0.0110415 -6.62664e-16 1
12300 32 0.00993748 -7.94503e-16 1
12300 33 0.00874145 -8.56953e-16 1
12300 34 0.00745341 -9.4369e-16 1
12300 35 0.00607335 -9.47159e-16 1
12300 36 0.00460127 -9.85323e-16 1
12300 37 0.00303717 -1.05124e-15 1
12300 38 0.00138104 -1.08247e-15 1
12300 39 0 0 1

# Timestep: 12400
12400 0 0 0 1
12400 1 0.00138106 1.13451e-15 1
12400 2 0.00303721 1.1241e-15 1
12400 3 0.00460134 1.08594e-15 1
12400 4 0.00607345 1.05471e-15 1
12400 5 0.00745353 8.04912e-16 1
12400 6 0.0087416 9.12465e-16 1
12400 7 0.00993765 7.38992e-16 1
12400 8 0.0110417 7.94503e-16 1
12400 9 0.0120537 6.14092e-16 1
12400 10 0.0129737 7.07767e-16 1
12400 11 0.0138017 4.54498e-16 1
12400 12 0.0145377 5.41234e-16 1
12400 13 0.0151818 3.46945e-16 1
12400 14 0.0157337 3.95517e-16 1
12400 15 0.0161937 2.46331e-16 1
12400 16 0.0165617 2.42861e-16 1
12400 17 0.0168377 9.02056e-17 1
12400 18 0.0170217 1.35308e-16 1
12400 19 0.0171137 3.81639e-17 1
12400 20 0.0171137 2.42861e-17 1
12400 21 0.0170217 -3.46945e-17 1
12400 22 0.0168377 -1.45717e-16 1
12400 23 0.0165617 -1.94289e-16 1
12400 24 0.0161937 -3.71231e-16 1
12400 25 0.0157337 -3.29597e-16 1
12400 26 0.0151818 -3.81639e-16 1
12400 27 0.0145377 -4.09395e-16 1
12400 28 0.0138017 -6.17562e-16 1
12400 29 0.0129737 -6.2797e-16 1
12400 30 0.0120537 -6.8695e-16 1
12400 31 0.0110417 -7.97973e-16 1
12400 32 0.00993765 -7.66748e-16 1
12400 33 0.0087416 -8.11851e-16 1
12400 34 0.00745353 -7.00828e-16 1
12400 35 0.00607345 -1.05124e-15 1
12400 36 0.00460134 -9.61037e-16 1
12400 37 0.00303721 -1.16573e-15 1
12400 38 0.00138106 -1.13798e-15 1
12400 39 0 0 1

# Timestep: 12500
12500 0 0 0 1
12500 1 0.00138108 1.19349e-15 1
12500 2 0.00303726 1.23512e-15 1
12500 3 0.00460141 1.34615e-15 1
12500 4 0.00607354 1.22818e-15 1
12500 5 0.00745365 1.12757e-15 1
12500 6 0.00874174 8.53484e-16 1
12500 7 0.00993781 9.22873e-16 1
12500 8 0.0110419 7.5287e-16 1
12500 9 0.0120539 6.2797e-16 1
12500 10 0.012974 6.07153e-16 1
12500 11 0.013802 6.80012e-16 1
12500 12 0.014538 5.72459e-16 1
12500 13 0.015182 3.88578e-16 1
12500 14 0.015734 3.60822e-16 1
12500 15 0.016194 3.29597e-16 1
12500 16 0.016562 2.32453e-16 1
12500 17 0.016838 -2.77556e-17 1
12500 18 0.017022 1.249e-16 1
12500 19 0.017114 6.59195e-17 1
12500 20 0.017114 1.07553e-16 1
12500 21 0.017022 -3.81639e-17 1
12500 22 0.016838 -4.51028e-17 1
12500 23 0.016562 -1.49186e-16 1
12500 24 0.016194 -2.56739e-16 1
12500 25 0.015734 -2.67147e-16 1
12500 26 0.015182 -4.30211e-16 1
12500 27 0.014538 -4.996e-16 1
12500 28 0.013802 -6.48787e-16 1
12500 29 0.012974 -5.55112e-16 1
12500 30 0.0120539 -7.73687e-16 1
12500 31 0.0110419 -7.77156e-16 1
12500 32 0.00993781 -9.08995e-16 1
12500 33 0.00874174 -7.84095e-16 1
12500 34 0.00745365 -7.38992e-16 1
12500 35 0.00607354 -9.22873e-16 1
12500 36 0.00460141 -1.21778e-15 1
12500 37 0.00303726 -1.31145e-15 1
12500 38 0.00138108 -1.19349e-15 1
12500 39 0 0 1

# Timestep: 12600
12600 0 0 0 1
12600 1 0.0013811 1.17614e-15 1
12600 2 0.0030373 1.10328e-15 1
12600 3 0.00460148 1.0443e-15 1
12600 4 0.00607363 9.71445e-16 1
12600 5 0.00745376 9.15934e-16 1
12600 6 0.00874187 8.25728e-16 1
12600 7 0.00993796 8.32667e-16 1
12600 8 0.011042 6.73073e-16 1
12600 9 0.0120541 7.11237e-16 1
12600 10 0.0129742 4.12864e-16 1
12600 11 0.0138022 5.75928e-16 1
12600 12 0.0145382 4.16334e-16 1
12600 13 0.0151823 3.747e-16 1
12600 14 0.0157343 3.08781e-16 1
12600 15 0.0161943 2.74086e-16 1
12600 16 0.0165623 2.42861e-16 1
12600 17 0.0168383 1.52656e-16 1
12600 18 0.0170223 1.00614e-16 1
12600 19 0.0171143 -3.46945e-18 1
12600 20 0.0171143 -1.17961e-16 1
12600 21 0.0170223 -9.36751e-17 1
12600 22 0.0168383 -3.1225e-17 1
12600 23 0.0165623 -1.31839e-16 1
12600 24 0.0161943 -2.39392e-16 1
12600 25 0.0157343 -2.84495e-16 1
12600 26 0.0151823 -3.50414e-16 1
12600 27 0.0145382 -3.71231e-16 1
12600 28 0.0138022 -5.37764e-16 1
12600 29 0.0129742 -4.89192e-16 1
12600 30 0.0120541 -7.84095e-16 1
12600 31 0.011042 -6.59195e-16 1
12600 32 0.00993796 -8.67362e-16 1
12600 33 0.00874187 -7.73687e-16 1
12600 34 0.00745376 -9.12465e-16 1
12600 35 0.00607363 -8.91648e-16 1
12600 36 0.00460148 -1.03736e-15 1
12600 37 0.0030373 -1.03736e-15 1
12600 38 0.0013811 -1.17961e-15 1
12600 39 0 0 1

# Timestep: 12700
12700 0 0 0 1
12700 1 0.00138112 1.09981e-15 1
12700 2 0.00303734 1.13451e-15 1
12700 3 0.00460154 1.0339e-15 1
12700 4 0.00607371 9.50628e-16 1
12700 5 0.00745386 1.08941e-15 1
12700 6 0.00874199 7.84095e-16 1
12700 7 0.0099381 7.94503e-16 1
12700 8 0.0110422 7.21645e-16 1
12700 9 0.0120543 7.45931e-16 1
12700 10 0.0129744 7.11237e-16 1
12700 11 0.0138024 5.06539e-16 1
12700 12 0.0145385 6.03684e-16 1
12700 13 0.0151825 4.61436e-16 1
12700 14 0.0157345 4.71845e-16 1
12700 15 0.0161945 2.18575e-16 1
12700 16 0.0165626 1.97758e-16 1
12700 17 0.0168386 6.245e-17 1
12700 18 0.0170226 2.01228e-16 1
12700 19 0.0171146 -7.28584e-17 1
12700 20 0.0171146 4.51028e-17 1
12700 21 0.0170226 -2.42861e-16 1
12700 22 0.0168386 -1.00614e-16 1
12700 23 0.0165626 -2.74086e-16 1
12700 24 0.0161945 -1.249e-16 1
12700 25 0.0157345 -3.92048e-16 1
12700 26 0.0151825 -5.37764e-16 1
12700 27 0.0145385 -5.30825e-16 1
12700 28 0.0138024 -6.03684e-16 1
12700 29 0.0129744 -6.48787e-16 1
12700 30 0.0120543 -6.55725e-16 1
12700 31 0.0110422 -6.83481e-16 1
12700 32 0.0099381 -8.22259e-16 1
12700 33 0.00874199 -8.11851e-16 1
12700 34 0.00745386 -9.61037e-16 1
12700 35 0.00607371 -9.08995e-16 1
12700 36 0.00460154 -1.03043e-15 1
12700 37 0.00303734 -1.09981e-15 1
12700 38 0.00138112 -1.13798e-15 1
12700 39 0 0 1

# Timestep: 12800
12800 0 0 0 1
12800 1 0.00138113 1.14839e-15 1
12800 2 0.00303738 1.08941e-15 1
12800 3 0.00460159 1.05471e-15 1
12800 4 0.00607379 9.57567e-16 1
12800 5 0.00745396 8.1532e-16 1
12800 6 0.00874211 7.91034e-16 1
12800 7 0.00993824 7.35523e-16 1
12800 8 0.0110423 8.74301e-16 1
12800 9 0.0120544 5.82867e-16 1
12800 10 0.0129745 6.76542e-16 1
12800 11 0.0138026 5.79398e-16 1
12800 12 0.0145387 6.55725e-16 1
12800 13 0.0151827 5.13478e-16 1
12800 14 0.0157347 5.51642e-16 1
12800 15 0.0161948 2.87964e-16 1
12800 16 0.0165628 3.57353e-16 1
12800 17 0.0168388 1.76942e-16 1
12800 18 0.0170228 2.56739e-16 1
12800 19 0.0171148 0 1
12800 20 0.0171148 1.35308e-16 1
12800 21 0.0170228 -2.08167e-16 1
12800 22 0.0168388 -1.94289e-16 1
12800 23 0.0165628 -3.57353e-16 1
12800 24 0.0161948 -3.26128e-16 1
12800 25 0.0157347 -6.03684e-16 1
12800 26 0.0151827 -4.78784e-16 1
12800 27 0.0145387 -6.14092e-16 1
12800 28 0.0138026 -4.85723e-16 1
12800 29 0.0129745 -6.2797e-16 1
12800 30 0.0120544 -6.21031e-16 1
12800 31 0.0110423 -7.66748e-16 1
12800 32 0.00993824 -7.49401e-16 1
12800 33 0.00874211 -8.56953e-16 1
12800 34 0.00745396 -9.33281e-16 1
12800 35 0.00607379 -1.0339e-15 1
12800 36 0.00460159 -1.06165e-15 1
12800 37 0.00303738 -1.09635e-15 1
12800 38 0.00138113 -1.15186e-15 1
12800 39 0 0 1

# Timestep: 12900
12900 0 0 0 1
12900 1 0.00138115 1.14145e-15 1
12900 2 0.00303741 1.079e-15 1
12900 3 0.00460165 1.08941e-15 1
12900 4 0.00607386 9.99201e-16 1
12900 5 0.00745405 9.05526e-16 1
12900 6 0.00874221 8.98587e-16 1
12900 7 0.00993836 7.80626e-16 1
12900 8 0.0110425 8.39606e-16 1
12900 9 0.0120546 7.18176e-16 1
12900 10 0.0129747 6.52256e-16 1
12900 11 0.0138028 4.96131e-16 1
12900 12 0.0145389 6.97359e-16 1
12900 13 0.0151829 4.78784e-16 1
12900 14 0.015735 4.75314e-16 1
12900 15 0.016195 3.05311e-16 1
12900 16 0.016563 4.16334e-16 1
12900 17 0.0168391 2.46331e-16 1
12900 18 0.0170231 2.11636e-16 1
12900 19 0.0171151 2.08167e-17 1
12900 20 0.0171151 1.17961e-16 1
12900 21 0.0170231 -6.59195e-17 1
12900 22 0.0168391 -1.11022e-16 1
12900 23 0.016563 -2.25514e-16 1
12900 24 0.016195 -2.25514e-16 1
12900 25 0.015735 -3.50414e-16 1
12900 26 0.0151829 -4.19803e-16 1
12900 27 0.0145389 -4.85723e-16 1
12900 28 0.0138028 -4.85723e-16 1
12900 29 0.0129747 -6.03684e-16 1
12900 30 0.0120546 -5.30825e-16 1
12900 31 0.0110425 -6.62664e-16 1
12900 32 0.00993836 -7.42462e-16 1
12900 33 0.00874221 -7.28584e-16 1
12900 34 0.00745405 -8.46545e-16 1
12900 35 0.00607386 -9.95731e-16 1
12900 36 0.00460165 -1.079e-15 1
12900 37 0.00303741 -1.079e-15 1
12900 38 0.00138115 -1.15186e-15 1
12900 39 0 0 1

# Timestep: 13000
13000 0 0 0 1
13000 1 0.00138116 1.11369e-15 1
13000 2 0.00303744 1.09288e-15 1
13000 3 0.0046017 1.01655e-15 1
13000 4 0.00607392 8.8124e-16 1
13000 5 0.00745413 1.0443e-15 1
13000 6 0.00874231 8.8124e-16 1
13000 7 0.00993847 8.43076e-16 1
13000 8 0.0110426 6.83481e-16 1
13000 9 0.0120547 7.35523e-16 1
13000 10 0.0129749 5.20417e-16 1
13000 11 0.013803 5.96745e-16 1
13000 12 0.014539 3.71231e-16 1
13000 13 0.0151831 4.23273e-16 1
13000 14 0.0157352 4.23273e-16 1
13000 15 0.0161952 4.12864e-16 1
13000 16 0.0165632 3.7817e-16 1
13000 17 0.0168393 2.42861e-16 1
13000 18 0.0170233 2.98372e-16 1
13000 19 0.0171153 -1.38778e-17 1
13000 20 0.0171153 1.73472e-17 1
13000 21 0.0170233 -1.76942e-16 1
13000 22 0.0168393 -6.93889e-17 1
13000 23 0.0165632 -3.1572e-16 1
13000 24 0.0161952 -1.73472e-16 1
13000 25 0.0157352 -3.29597e-16 1
13000 26 0.0151831 -3.36536e-16 1
13000 27 0.014539 -3.67761e-16 1
13000 28 0.013803 -5.10009e-16 1
13000 29 0.0129749 -6.76542e-16 1
13000 30 0.0120547 -6.00214e-16 1
13000 31 0.0110426 -7.49401e-16 1
13000 32 0.00993847 -7.45931e-16 1
13000 33 0.00874231 -9.29812e-16 1
13000 34 0.00745413 -9.36751e-16 1
13000 35 0.00607392 -1.0339e-15 1
13000 36 0.0046017 -1.01308e-15 1
13000 37 0.00303744 -1.2039e-15 1
13000 38 0.00138116 -1.1241e-15 1
13000 39 0 0 1

# Timestep: 13100
13100 0 0 0 1
13100 1 0.00138118 1.11022e-15 1
13100 2 0.00303747 1.03043e-15 1
13100 3 0.00460174 1.01308e-15 1
13100 4 0.00607399 8.56953e-16 1
13100 5 0.00745421 8.63892e-16 1
13100 6 0.00874241 8.70831e-16 1
13100 7 0.00993858 8.18789e-16 1
13100 8 0.0110427 6.93889e-16 1
13100 9 0.0120549 6.21031e-16 1
13100 10 0.012975 6.14092e-16 1
13100 11 0.0138031 5.06539e-16 1
13100 12 0.0145392 4.92661e-16 1
13100 13 0.0151833 3.40006e-16 1
13100 14 0.0157353 2.81025e-16 1
13100 15 0.0161954 1.17961e-16 1
13100 16 0.0165634 1.9082e-16 1
13100 17 0.0168395 1.249e-16 1
13100 18 0.0170235 1.07553e-16 1
13100 19 0.0171155 7.63278e-17 1
13100 20 0.0171155 -1.21431e-16 1
13100 21 0.0170235 -1.31839e-16 1
13100 22 0.0168395 -1.83881e-16 1
13100 23 0.0165634 -1.14492e-16 1
13100 24 0.0161954 -2.94903e-16 1
13100 25 0.0157353 -2.91434e-16 1
13100 26 0.0151833 -4.89192e-16 1
13100 27 0.0145392 -4.19803e-16 1
13100 28 0.0138031 -7.00828e-16 1
13100 29 0.012975 -5.82867e-16 1
13100 30 0.0120549 -7.28584e-16 1
13100 31 0.0110427 -6.55725e-16 1
13100 32 0.00993858 -1.02349e-15 1
13100 33 0.00874241 -8.7777e-16 1
13100 34 0.00745421 -1.06165e-15 1
13100 35 0.00607399 -9.02056e-16 1
13100 36 0.00460174 -1.13104e-15 1
13100 37 0.00303747 -1.03736e-15 1
13100 38 0.00138118 -1.17961e-15 1
13100 39 0 0 1

# Timestep: 13200
13200 0 0 0 1
13200 1 0.00138119 1.17961e-15 1
13200 2 0.0030375 1.13451e-15 1
13200 3 0.00460179 1.02696e-15 1
13200 4 0.00607405 1.09635e-15 1
13200 5 0.00745428 9.85323e-16 1
13200 6 0.00874249 9.92262e-16 1
13200 7 0.00993868 7.38992e-16 1
13200 8 0.0110429 7.66748e-16 1
13200 9 0.012055 6.31439e-16 1
13200 10 0.0129751 6.97359e-16 1
13200 11 0.0138033 5.96745e-16 1
13200 12 0.0145394 6.07153e-16 1
13200 13 0.0151834 4.33681e-16 1
13200 14 0.0157355 3.40006e-16 1
13200 15 0.0161956 3.64292e-16 1
13200 16 0.0165636 1.49186e-16 1
13200 17 0.0168397 8.67362e-17 1
13200 18 0.0170237 -4.16334e-17 1
13200 19 0.0171157 0 1
13200 20 0.0171157 -6.245e-17 1
13200 21 0.0170237 5.89806e-17 1
13200 22 0.0168397 -1.2837e-16 1
13200 23 0.0165636 -2.498e-16 1
13200 24 0.0161956 -4.19803e-16 1
13200 25 0.0157355 -2.46331e-16 1
13200 26 0.0151834 -3.43475e-16 1
13200 27 0.0145394 -3.64292e-16 1
13200 28 0.0138033 -6.21031e-16 1
13200 29 0.0129751 -5.82867e-16 1
13200 30 0.012055 -7.66748e-16 1
13200 31 0.0110429 -6.59195e-16 1
13200 32 0.00993868 -9.22873e-16 1
13200 33 0.00874249 -8.39606e-16 1
13200 34 0.00745428 -1.08941e-15 1
13200 35 0.00607405 -9.71445e-16 1
13200 36 0.00460179 -1.08594e-15 1
13200 37 0.0030375 -1.04777e-15 1
13200 38 0.00138119 -1.14492e-15 1
13200 39 0 0 1

# Timestep: 13300
13300 0 0 0 1
13300 1 0.0013812 1.1241e-15 1
13300 2 0.00303753 1.079e-15 1
13300 3 0.00460183 1.07206e-15 1
13300 4 0.0060741 9.61037e-16 1
13300 5 0.00745435 9.08995e-16 1
13300 6 0.00874257 8.01442e-16 1
13300 7 0.00993878 7.84095e-16 1
13300 8 0.011043 6.41848e-16 1
13300 9 0.0120551 7.63278e-16 1
13300 10 0.0129753 4.82253e-16 1
13300 11 0.0138034 6.41848e-16 1
13300 12 0.0145395 3.747e-16 1
13300 13 0.0151836 5.34295e-16 1
13300 14 0.0157357 2.08167e-16 1
13300 15 0.0161957 3.08781e-16 1
13300 16 0.0165638 1.07553e-16 1
13300 17 0.0168398 2.498e-16 1
13300 18 0.0170239 -1.73472e-17 1
13300 19 0.0171159 1.31839e-16 1
13300 20 0.0171159 -1.49186e-16 1
13300 21 0.0170239 -2.08167e-17 1
13300 22 0.0168398 -3.08781e-16 1
13300 23 0.0165638 -1.14492e-16 1
13300 24 0.0161957 -4.09395e-16 1
13300 25 0.0157357 -2.28983e-16 1
13300 26 0.0151836 -3.81639e-16 1
13300 27 0.0145395 -3.36536e-16 1
13300 28 0.0138034 -5.41234e-16 1
13300 29 0.0129753 -4.57967e-16 1
13300 30 0.0120551 -6.97359e-16 1
13300 31 0.011043 -6.31439e-16 1
13300 32 0.00993878 -7.73687e-16 1
13300 33 0.00874257 -7.25114e-16 1
13300 34 0.00745435 -8.95117e-16 1
13300 35 0.0060741 -8.95117e-16 1
13300 36 0.00460183 -1.00961e-15 1
13300 37 0.00303753 -1.06165e-15 1
13300 38 0.0013812 -1.1241e-15 1
13300 39 0 0 1

# Timestep: 13400
13400 0 0 0 1
13400 1 0.00138121 1.19696e-15 1
13400 2 0.00303755 1.10675e-15 1
13400 3 0.00460186 1.04083e-15 1
13400 4 0.00607415 8.39606e-16 1
13400 5 0.00745441 9.19403e-16 1
13400 6 0.00874265 7.49401e-16 1
13400 7 0.00993887 9.85323e-16 1
13400 8 0.0110431 7.25114e-16 1
13400 9 0.0120552 8.98587e-16 1
13400 10 0.0129754 5.58581e-16 1
13400 11 0.0138035 6.31439e-16 1
13400 12 0.0145396 3.1225e-16 1
13400 13 0.0151837 5.13478e-16 1
13400 14 0.0157358 2.84495e-16 1
13400 15 0.0161959 4.89192e-16 1
13400 16 0.016564 2.11636e-16 1
13400 17 0.01684 3.747e-16 1
13400 18 0.017024 -7.28584e-17 1
13400 19 0.017116 2.32453e-16 1
13400 20 0.017116 -1.35308e-16 1
13400 21 0.017024 4.51028e-17 1
13400 22 0.01684 -3.60822e-16 1
13400 23 0.016564 -2.11636e-16 1
13400 24 0.0161959 -5.0307e-16 1
13400 25 0.0157358 -4.12864e-16 1
13400 26 0.0151837 -5.6205e-16 1
13400 27 0.0145396 -4.61436e-16 1
13400 28 0.0138035 -6.45317e-16 1
13400 29 0.0129754 -6.31439e-16 1
13400 30 0.0120552 -7.73687e-16 1
13400 31 0.0110431 -7.42462e-16 1
13400 32 0.00993887 -1.0443e-15 1
13400 33 0.00874265 -8.60423e-16 1
13400 34 0.00745441 -1.14492e-15 1
13400 35 0.00607415 -1.00614e-15 1
13400 36 0.00460186 -1.16226e-15 1
13400 37 0.00303755 -1.09981e-15 1
13400 38 0.00138121 -1.17961e-15 1
13400 39 0 0 1

# Timestep: 13500
13500 0 0 0 1
13500 1 0.00138122 1.249e-15 1
13500 2 0.00303757 1.17614e-15 1
13500 3 0.0046019 1.2039e-15 1
13500 4 0.0060742 9.22873e-16 1
13500 5 0.00745447 9.81853e-16 1
13500 6 0.00874272 7.66748e-16 1
13500 7 0.00993895 8.95117e-16 1
13500 8 0.0110432 6.80012e-16 1
13500 9 0.0120553 7.77156e-16 1
13500 10 0.0129755 5.20417e-16 1
13500 11 0.0138036 6.52256e-16 1
13500 12 0.0145398 3.29597e-16 1
13500 13 0.0151839 6.45317e-16 1
13500 14 0.015736 2.11636e-16 1
13500 15 0.0161961 4.89192e-16 1
13500 16 0.0165641 1.07553e-16 1
13500 17 0.0168402 4.23273e-16 1
13500 18 0.0170242 0 1
13500 19 0.0171162 2.18575e-16 1
13500 20 0.0171162 -1.04083e-17 1
13500 21 0.0170242 2.70617e-16 1
13500 22 0.0168402 -1.83881e-16 1
13500 23 0.0165641 -1.94289e-16 1
13500 24 0.0161961 -5.37764e-16 1
13500 25 0.015736 -3.46945e-16 1
13500 26 0.0151839 -5.96745e-16 1
13500 27 0.0145398 -5.44703e-16 1
13500 28 0.0138036 -7.11237e-16 1
13500 29 0.0129755 -6.48787e-16 1
13500 30 0.0120553 -7.49401e-16 1
13500 31 0.0110432 -6.76542e-16 1
13500 32 0.00993895 -9.4022e-16 1
13500 33 0.00874272 -8.91648e-16 1
13500 34 0.00745447 -1.00267e-15 1
13500 35 0.0060742 -9.95731e-16 1
13500 36 0.0046019 -1.09981e-15 1
13500 37 0.00303757 -1.21431e-15 1
13500 38 0.00138122 -1.15186e-15 1
13500 39 0 0 1

# Timestep: 13600
13600 0 0 0 1
13600 1 0.00138123 1.15533e-15 1
13600 2 0.0030376 1.13451e-15 1
13600 3 0.00460193 1.17267e-15 1
13600 4 0.00607424 1.02349e-15 1
13600 5 0.00745453 9.92262e-16 1
13600 6 0.00874279 1.01655e-15 1
13600 7 0.00993903 9.12465e-16 1
13600 8 0.0110432 7.97973e-16 1
13600 9 0.0120554 7.32053e-16 1
13600 10 0.0129756 5.16948e-16 1
13600 11 0.0138038 6.07153e-16 1
13600 12 0.0145399 5.6205e-16 1
13600 13 0.015184 4.85723e-16 1
13600 14 0.0157361 3.36536e-16 1
13600 15 0.0161962 4.75314e-16 1
13600 16 0.0165643 1.8735e-16 1
13600 17 0.0168403 3.57353e-16 1
13600 18 0.0170243 -3.81639e-17 1
13600 19 0.0171163 3.26128e-16 1
13600 20 0.0171163 -1.83881e-16 1
13600 21 0.0170243 7.97973e-17 1
13600 22 0.0168403 -2.67147e-16 1
13600 23 0.0165643 -1.00614e-16 1
13600 24 0.0161962 -3.7817e-16 1
13600 25 0.0157361 -2.87964e-16 1
13600 26 0.015184 -5.55112e-16 1
13600 27 0.0145399 -4.68375e-16 1
13600 28 0.0138038 -6.73073e-16 1
13600 29 0.0129756 -4.61436e-16 1
13600 30 0.0120554 -7.97973e-16 1
13600 31 0.0110432 -7.5287e-16 1
13600 32 0.00993903 -9.19403e-16 1
13600 33 0.00874279 -9.22873e-16 1
13600 34 0.00745453 -9.61037e-16 1
13600 35 0.00607424 -1.03736e-15 1
13600 36 0.00460193 -1.14839e-15 1
13600 37 0.0030376 -1.14145e-15 1
13600 38 0.00138123 -1.18655e-15 1
13600 39 0 0 1

# Timestep: 13700
13700 0 0 0 1
13700 1 0.00138124 1.22818e-15 1
13700 2 0.00303762 1.05471e-15 1
13700 3 0.00460196 1.05124e-15 1
13700 4 0.00607429 9.78384e-16 1
13700 5 0.00745458 9.61037e-16 1
13700 6 0.00874285 8.50015e-16 1
13700 7 0.0099391 8.1532e-16 1
13700 8 0.0110433 7.45931e-16 1
13700 9 0.0120555 8.11851e-16 1
13700 10 0.0129757 5.82867e-16 1
13700 11 0.0138039 6.14092e-16 1
13700 12 0.01454 3.88578e-16 1
13700 13 0.0151841 4.3715e-16 1
13700 14 0.0157362 3.81639e-16 1
13700 15 0.0161963 4.92661e-16 1
13700 16 0.0165644 2.60209e-16 1
13700 17 0.0168404 3.88578e-16 1
13700 18 0.0170245 -4.51028e-17 1
13700 19 0.0171165 2.77556e-17 1
13700 20 0.0171165 -2.60209e-16 1
13700 21 0.0170245 -5.55112e-17 1
13700 22 0.0168404 -4.30211e-16 1
13700 23 0.0165644 -1.80411e-16 1
13700 24 0.0161963 -5.89806e-16 1
13700 25 0.0157362 -2.87964e-16 1
13700 26 0.0151841 -5.86337e-16 1
13700 27 0.01454 -2.84495e-16 1
13700 28 0.0138039 -6.45317e-16 1
13700 29 0.0129757 -5.93275e-16 1
13700 30 0.0120555 -8.18789e-16 1
13700 31 0.0110433 -7.18176e-16 1
13700 32 0.0099391 -9.4369e-16 1
13700 33 0.00874285 -8.95117e-16 1
13700 34 0.00745458 -9.4022e-16 1
13700 35 0.00607429 -9.33281e-16 1
13700 36 0.00460196 -1.05818e-15 1
13700 37 0.00303762 -1.12063e-15 1
13700 38 0.00138124 -1.20737e-15 1
13700 39 0 0 1

# Timestep: 13800
13800 0 0 0 1
13800 1 0.00138125 1.12757e-15 1
13800 2 0.00303763 1.06165e-15 1
13800 3 0.00460199 1.06512e-15 1
13800 4 0.00607433 8.70831e-16 1
13800 5 0.00745463 9.19403e-16 1
13800 6 0.00874291 7.91034e-16 1
13800 7 0.00993917 8.11851e-16 1
13800 8 0.0110434 6.00214e-16 1
13800 9 0.0120556 6.80012e-16 1
13800 10 0.0129758 5.20417e-16 1
13800 11 0.013804 5.06539e-16 1
13800 12 0.0145401 2.56739e-16 1
13800 13 0.0151842 3.71231e-16 1
13800 14 0.0157363 1.49186e-16 1
13800 15 0.0161964 3.1572e-16 1
13800 16 0.0165645 1.04083e-16 1
13800 17 0.0168406 1.66533e-16 1
13800 18 0.0170246 -1.04083e-16 1
13800 19 0.0171166 -5.89806e-17 1
13800 20 0.0171166 -2.60209e-16 1
13800 21 0.0170246 -1.8735e-16 1
13800 22 0.0168406 -2.70617e-16 1
13800 23 0.0165645 -2.5327e-16 1
13800 24 0.0161964 -3.67761e-16 1
13800 25 0.0157363 -3.1572e-16 1
13800 26 0.0151842 -4.57967e-16 1
13800 27 0.0145401 -5.44703e-16 1
13800 28 0.013804 -5.48173e-16 1
13800 29 0.0129758 -5.75928e-16 1
13800 30 0.0120556 -5.44703e-16 1
13800 31 0.0110434 -6.48787e-16 1
13800 32 0.00993917 -7.94503e-16 1
13800 33 0.00874291 -7.94503e-16 1
13800 34 0.00745463 -9.12465e-16 1
13800 35 0.00607433 -9.78384e-16 1
13800 36 0.00460199 -1.12063e-15 1
13800 37 0.00303763 -1.15533e-15 1
13800 38 0.00138125 -1.19349e-15 1
13800 39 0 0 1

# Timestep: 13900
13900 0 0 0 1
13900 1 0.00138126 1.09981e-15 1
13900 2 0.00303765 9.85323e-16 1
13900 3 0.00460202 8.88178e-16 1
13900 4 0.00607436 9.26342e-16 1
13900 5 0.00745468 8.7777e-16 1
13900 6 0.00874297 9.05526e-16 1
13900 7 0.00993923 8.29198e-16 1
13900 8 0.0110435 8.29198e-16 1
13900 9 0.0120557 7.77156e-16 1
13900 10 0.0129759 5.72459e-16 1
13900 11 0.0138041 7.5287e-16 1
13900 12 0.0145402 4.51028e-16 1
13900 13 0.0151843 6.00214e-16 1
13900 14 0.0157365 3.19189e-16 1
13900 15 0.0161966 4.30211e-16 1
13900 16 0.0165646 2.01228e-16 1
13900 17 0.0168407 2.70617e-16 1
13900 18 0.0170247 4.51028e-17 1
13900 19 0.0171167 9.71445e-17 1
13900 20 0.0171167 -5.55112e-17 1
13900 21 0.0170247 5.20417e-17 1
13900 22 0.0168407 -1.59595e-16 1
13900 23 0.0165646 -2.15106e-16 1
13900 24 0.0161966 -2.94903e-16 1
13900 25 0.0157365 -4.30211e-16 1
13900 26 0.0151843 -4.996e-16 1
13900 27 0.0145402 -5.20417e-16 1
13900 28 0.0138041 -6.66134e-16 1
13900 29 0.0129759 -6.34909e-16 1
13900 30 0.0120557 -7.18176e-16 1
13900 31 0.0110435 -8.84709e-16 1
13900 32 0.00993923 -8.56953e-16 1
13900 33 0.00874297 -8.95117e-16 1
13900 34 0.00745468 -1.06859e-15 1
13900 35 0.00607436 -9.67976e-16 1
13900 36 0.00460202 -1.02349e-15 1
13900 37 0.00303765 -1.06512e-15 1
13900 38 0.00138126 -1.1241e-15 1
13900 39 0 0 1

# Timestep: 14000
14000 0 0 0 1
14000 1 0.00138126 1.1241e-15 1
14000 2 0.00303767 9.78384e-16 1
14000 3 0.00460205 1.14492e-15 1
14000 4 0.0060744 9.74915e-16 1
14000 5 0.00745472 1.14145e-15 1
14000 6 0.00874302 7.25114e-16 1
14000 7 0.00993929 9.54098e-16 1
14000 8 0.0110435 6.52256e-16 1
14000 9 0.0120558 8.39606e-16 1
14000 10 0.012976 5.6205e-16 1
14000 11 0.0138041 5.89806e-16 1
14000 12 0.0145403 5.27356e-16 1
14000 13 0.0151844 4.33681e-16 1
14000 14 0.0157366 2.56739e-16 1
14000 15 0.0161967 2.74086e-16 1
14000 16 0.0165647 1.07553e-16 1
14000 17 0.0168408 1.49186e-16 1
14000 18 0.0170248 9.36751e-17 1
14000 19 0.0171168 2.77556e-17 1
14000 20 0.0171168 -1.04083e-16 1
14000 21 0.0170248 -1.63064e-16 1
14000 22 0.0168408 -1.8735e-16 1
14000 23 0.0165647 -1.42247e-16 1
14000 24 0.0161967 -1.97758e-16 1
14000 25 0.0157366 -2.81025e-16 1
14000 26 0.0151844 -3.747e-16 1
14000 27 0.0145403 -5.13478e-16 1
14000 28 0.0138041 -5.10009e-16 1
14000 29 0.012976 -5.96745e-16 1
14000 30 0.0120558 -6.31439e-16 1
14000 31 0.0110435 -8.1532e-16 1
14000 32 0.00993929 -9.22873e-16 1
14000 33 0.00874302 -8.8124e-16 1
14000 34 0.00745472 -1.02002e-15 1
14000 35 0.0060744 -1.10675e-15 1
14000 36 0.00460205 -1.02696e-15 1
14000 37 0.00303767 -1.12757e-15 1
14000 38 0.00138126 -1.1241e-15 1
14000 39 0 0 1

# Timestep: 14100
14100 0 0 0 1
14100 1 0.00138127 1.17961e-15 1
14100 2 0.00303768 1.07553e-15 1
14100 3 0.00460207 1.19349e-15 1
14100 4 0.00607443 9.57567e-16 1
14100 5 0.00745476 1.0339e-15 1
14100 6 0.00874307 8.32667e-16 1
14100 7 0.00993935 8.70831e-16 1
14100 8 0.0110436 6.00214e-16 1
14100 9 0.0120558 6.14092e-16 1
14100 10 0.012976 6.07153e-16 1
14100 11 0.0138042 5.48173e-16 1
14100 12 0.0145404 5.0307e-16 1
14100 13 0.0151845 5.44703e-16 1
14100 14 0.0157367 4.996e-16 1
14100 15 0.0161968 4.33681e-16 1
14100 16 0.0165648 3.29597e-16 1
14100 17 0.0168409 3.67761e-16 1
14100 18 0.0170249 2.77556e-16 1
14100 19 0.017117 2.11636e-16 1
14100 20 0.017117 1.38778e-17 1
14100 21 0.0170249 -1.42247e-16 1
14100 22 0.0168409 -1.80411e-16 1
14100 23 0.0165648 -2.42861e-16 1
14100 24 0.0161968 -2.63678e-16 1
14100 25 0.0157367 -4.02456e-16 1
14100 26 0.0151845 -3.60822e-16 1
14100 27 0.0145404 -5.86337e-16 1
14100 28 0.0138042 -5.79398e-16 1
14100 29 0.012976 -5.86337e-16 1
14100 30 0.0120558 -5.75928e-16 1
14100 31 0.0110436 -6.69603e-16 1
14100 32 0.00993935 -7.80626e-16 1
14100 33 0.00874307 -8.8124e-16 1
14100 34 0.00745476 -9.05526e-16 1
14100 35 0.00607443 -1.02696e-15 1
14100 36 0.00460207 -1.00614e-15 1
14100 37 0.00303768 -1.09288e-15 1
14100 38 0.00138127 -1.11022e-15 1
14100 39 0 0 1

# Timestep: 14200
14200 0 0 0 1
14200 1 0.00138128 1.14145e-15 1
14200 2 0.0030377 1.06859e-15 1
14200 3 0.00460209 9.29812e-16 1
14200 4 0.00607446 1.0339e-15 1
14200 5 0.0074548 9.22873e-16 1
14200 6 0.00874311 9.12465e-16 1
14200 7 0.0099394 8.56953e-16 1
14200 8 0.0110437 8.88178e-16 1
14200 9 0.0120559 6.69603e-16 1
14200 10 0.0129761 5.58581e-16 1
14200 11 0.0138043 5.55112e-16 1
14200 12 0.0145405 5.37764e-16 1
14200 13 0.0151846 5.23886e-16 1
14200 14 0.0157367 5.23886e-16 1
14200 15 0.0161968 3.85109e-16 1
14200 16 0.0165649 3.40006e-16 1
14200 17 0.016841 2.63678e-16 1
14200 18 0.017025 1.17961e-16 1
14200 19 0.0171171 3.81639e-17 1
14200 20 0.0171171 -5.20417e-17 1
14200 21 0.017025 -8.67362e-17 1
14200 22 0.016841 -2.63678e-16 1
14200 23 0.0165649 -3.19189e-16 1
14200 24 0.0161968 -3.53884e-16 1
14200 25 0.0157367 -2.70617e-16 1
14200 26 0.0151846 -2.63678e-16 1
14200 27 0.0145405 -3.92048e-16 1
14200 28 0.0138043 -4.92661e-16 1
14200 29 0.0129761 -6.00214e-16 1
14200 30 0.0120559 -6.76542e-16 1
14200 31 0.0110437 -8.04912e-16 1
14200 32 0.0099394 -8.04912e-16 1
14200 33 0.00874311 -8.36137e-16 1
14200 34 0.0074548 -8.95117e-16 1
14200 35 0.00607446 -1.06859e-15 1
14200 36 0.00460209 -1.02349e-15 1
14200 37 0.0030377 -1.02696e-15 1
14200 38 0.00138128 -1.10328e-15 1
14200 39 0 0 1

# Timestep: 14300
14300 0 0 0 1
14300 1 0.00138128 1.33921e-15 1
14300 2 0.00303771 1.19002e-15 1
14300 3 0.00460211 1.05471e-15 1
14300 4 0.00607449 9.33281e-16 1
14300 5 0.00745483 8.56953e-16 1
14300 6 0.00874315 7.87564e-16 1
14300 7 0.00993945 7.84095e-16 1
14300 8 0.0110437 7.18176e-16 1
14300 9 0.012056 9.4369e-16 1
14300 10 0.0129762 8.01442e-16 1
14300 11 0.0138044 7.42462e-16 1
14300 12 0.0145405 3.95517e-16 1
14300 13 0.0151847 4.57967e-16 1
14300 14 0.0157368 1.249e-16 1
14300 15 0.0161969 3.43475e-16 1
14300 16 0.016565 1.66533e-16 1
14300 17 0.0168411 2.46331e-16 1
14300 18 0.0170251 -2.42861e-17 1
14300 19 0.0171171 -8.32667e-17 1
14300 20 0.0171171 1.00614e-16 1
14300 21 0.0170251 3.46945e-17 1
14300 22 0.0168411 -1.73472e-16 1
14300 23 0.016565 -2.63678e-16 1
14300 24 0.0161969 -2.42861e-16 1
14300 25 0.0157368 -3.98986e-16 1
14300 26 0.0151847 -3.88578e-16 1
14300 27 0.0145405 -5.16948e-16 1
14300 28 0.0138044 -5.20417e-16 1
14300 29 0.0129762 -6.62664e-16 1
14300 30 0.012056 -5.96745e-16 1
14300 31 0.0110437 -7.18176e-16 1
14300 32 0.00993945 -7.45931e-16 1
14300 33 0.00874315 -7.97973e-16 1
14300 34 0.00745483 -8.8124e-16 1
14300 35 0.00607449 -9.71445e-16 1
14300 36 0.00460211 -1.00961e-15 1
14300 37 0.00303771 -1.08594e-15 1
14300 38 0.00138128 -1.23512e-15 1
14300 39 0 0 1

# Timestep: 14400
14400 0 0 0 1
14400 1 0.00138129 1.18655e-15 1
14400 2 0.00303773 1.19002e-15 1
14400 3 0.00460213 1.07206e-15 1
14400 4 0.00607451 9.36751e-16 1
14400 5 0.00745487 9.61037e-16 1
14400 6 0.00874319 8.29198e-16 1
14400 7 0.00993949 7.77156e-16 1
14400 8 0.0110438 6.93889e-16 1
14400 9 0.012056 6.80012e-16 1
14400 10 0.0129762 6.38378e-16 1
14400 11 0.0138044 5.44703e-16 1
14400 12 0.0145406 4.78784e-16 1
14400 13 0.0151848 4.82253e-16 1
14400 14 0.0157369 2.28983e-16 1
14400 15 0.016197 2.11636e-16 1
14400 16 0.0165651 1.94289e-16 1
14400 17 0.0168412 2.25514e-16 1
14400 18 0.0170252 7.97973e-17 1
14400 19 0.0171172 -1.04083e-16 1
14400 20 0.0171172 -2.77556e-17 1
14400 21 0.0170252 -7.28584e-17 1
14400 22 0.0168412 -1.97758e-16 1
14400 23 0.0165651 -2.63678e-16 1
14400 24 0.016197 -2.84495e-16 1
14400 25 0.0157369 -3.53884e-16 1
14400 26 0.0151848 -5.41234e-16 1
14400 27 0.0145406 -5.89806e-16 1
14400 28 0.0138044 -5.89806e-16 1
14400 29 0.0129762 -6.10623e-16 1
14400 30 0.012056 -6.59195e-16 1
14400 31 0.0110438 -8.39606e-16 1
14400 32 0.00993949 -7.5287e-16 1
14400 33 0.00874319 -9.64506e-16 1
14400 34 0.00745487 -7.63278e-16 1
14400 35 0.00607451 -1.09981e-15 1
14400 36 0.00460213 -9.78384e-16 1
14400 37 0.00303773 -1.18655e-15 1
14400 38 0.00138129 -1.11716e-15 1
14400 39 0 0 1

# Timestep: 14500
14500 0 0 0 1
14500 1 0.00138129 1.09981e-15 1
14500 2 0.00303774 1.0339e-15 1
14500 3 0.00460215 9.47159e-16 1
14500 4 0.00607454 1.04083e-15 1
14500 5 0.0074549 8.39606e-16 1
14500 6 0.00874323 8.22259e-16 1
14500 7 0.00993954 6.48787e-16 1
14500 8 0.0110438 7.91034e-16 1
14500 9 0.0120561 5.89806e-16 1
14500 10 0.0129763 5.82867e-16 1
14500 11 0.0138045 4.05925e-16 1
14500 12 0.0145407 5.23886e-16 1
14500 13 0.0151848 4.16334e-16 1
14500 14 0.015737 4.02456e-16 1
14500 15 0.0161971 2.77556e-16 1
14500 16 0.0165652 2.87964e-16 1
14500 17 0.0168412 1.249e-16 1
14500 18 0.0170253 2.498e-16 1
14500 19 0.0171173 2.42861e-17 1
14500 20 0.0171173 7.63278e-17 1
14500 21 0.0170253 -6.59195e-17 1
14500 22 0.0168412 -1.76942e-16 1
14500 23 0.0165652 -1.76942e-16 1
14500 24 0.0161971 -2.56739e-16 1
14500 25 0.015737 -2.18575e-16 1
14500 26 0.0151848 -4.09395e-16 1
14500 27 0.0145407 -3.71231e-16 1
14500 28 0.0138045 -6.48787e-16 1
14500 29 0.0129763 -5.10009e-16 1
14500 30 0.0120561 -8.7777e-16 1
14500 31 0.0110438 -6.97359e-16 1
14500 32 0.00993954 -9.12465e-16 1
14500 33 0.00874323 -8.7777e-16 1
14500 34 0.0074549 -1.0339e-15 1
14500 35 0.00607454 -8.95117e-16 1
14500 36 0.00460215 -1.13798e-15 1
14500 37 0.00303774 -9.95731e-16 1
14500 38 0.00138129 -1.13798e-15 1
14500 39 0 0 1

# Timestep: 14600
14600 0 0 0 1
14600 1 0.0013813 1.15533e-15 1
14600 2 0.00303775 1.1588e-15 1
14600 3 0.00460217 1.12063e-15 1
14600 4 0.00607456 1.14492e-15 1
14600 5 0.00745493 1.03736e-15 1
14600 6 0.00874327 1.03043e-15 1
14600 7 0.00993958 9.64506e-16 1
14600 8 0.0110439 9.15934e-16 1
14600 9 0.0120561 7.80626e-16 1
14600 10 0.0129764 7.35523e-16 1
14600 11 0.0138046 4.996e-16 1
14600 12 0.0145408 4.89192e-16 1
14600 13 0.0151849 4.57967e-16 1
14600 14 0.015737 2.56739e-16 1
14600 15 0.0161972 3.36536e-16 1
14600 16 0.0165653 2.04697e-16 1
14600 17 0.0168413 3.05311e-16 1
14600 18 0.0170254 1.14492e-16 1
14600 19 0.0171174 2.15106e-16 1
14600 20 0.0171174 -3.81639e-17 1
14600 21 0.0170254 6.59195e-17 1
14600 22 0.0168413 -2.01228e-16 1
14600 23 0.0165653 -2.22045e-16 1
14600 24 0.0161972 -2.84495e-16 1
14600 25 0.015737 -2.67147e-16 1
14600 26 0.0151849 -4.26742e-16 1
14600 27 0.0145408 -4.68375e-16 1
14600 28 0.0138046 -6.48787e-16 1
14600 29 0.0129764 -7.5287e-16 1
14600 30 0.0120561 -8.18789e-16 1
14600 31 0.0110439 -8.39606e-16 1
14600 32 0.00993958 -8.32667e-16 1
14600 33 0.00874327 -9.15934e-16 1
14600 34 0.00745493 -9.61037e-16 1
14600 35 0.00607456 -1.11716e-15 1
14600 36 0.00460217 -1.02349e-15 1
14600 37 0.00303775 -1.14145e-15 1
14600 38 0.0013813 -1.11716e-15 1
14600 39 0 0 1

# Timestep: 14700
14700 0 0 0 1
14700 1 0.0013813 1.14492e-15 1
14700 2 0.00303776 1.05818e-15 1
14700 3 0.00460219 1.15186e-15 1
14700 4 0.00607458 9.26342e-16 1
14700 5 0.00745495 1.04777e-15 1
14700 6 0.0087433 8.1532e-16 1
14700 7 0.00993961 9.22873e-16 1
14700 8 0.0110439 5.6552e-16 1
14700 9 0.0120562 8.46545e-16 1
14700 10 0.0129764 5.06539e-16 1
14700 11 0.0138046 7.38992e-16 1
14700 12 0.0145408 3.67761e-16 1
14700 13 0.015185 5.96745e-16 1
14700 14 0.0157371 2.70617e-16 1
14700 15 0.0161972 4.78784e-16 1
14700 16 0.0165653 2.15106e-16 1
14700 17 0.0168414 3.36536e-16 1
14700 18 0.0170254 2.08167e-17 1
14700 19 0.0171175 1.56125e-16 1
14700 20 0.0171175 -3.1225e-17 1
14700 21 0.0170254 -1.04083e-17 1
14700 22 0.0168414 -1.21431e-16 1
14700 23 0.0165653 -2.28983e-16 1
14700 24 0.0161972 -3.43475e-16 1
14700 25 0.0157371 -3.22659e-16 1
14700 26 0.015185 -4.05925e-16 1
14700 27 0.0145408 -4.30211e-16 1
14700 28 0.0138046 -5.93275e-16 1
14700 29 0.0129764 -6.66134e-16 1
14700 30 0.0120562 -8.11851e-16 1
14700 31 0.0110439 -8.56953e-16 1
14700 32 0.00993961 -6.76542e-16 1
14700 33 0.0087433 -8.22259e-16 1
14700 34 0.00745495 -8.18789e-16 1
14700 35 0.00607458 -1.02002e-15 1
14700 36 0.00460219 -1.10328e-15 1
14700 37 0.00303776 -1.13104e-15 1
14700 38 0.0013813 -1.1588e-15 1
14700 39 0 0 1

# Timestep: 14800
14800 0 0 0 1
14800 1 0.00138131 1.11369e-15 1
14800 2 0.00303777 1.01308e-15 1
14800 3 0.0046022 1.02002e-15 1
14800 4 0.0060746 9.81853e-16 1
14800 5 0.00745498 1.00267e-15 1
14800 6 0.00874333 7.04298e-16 1
14800 7 0.00993965 7.84095e-16 1
14800 8 0.0110439 6.97359e-16 1
14800 9 0.0120562 6.9042e-16 1
14800 10 0.0129765 4.51028e-16 1
14800 11 0.0138047 6.59195e-16 1
14800 12 0.0145409 3.29597e-16 1
14800 13 0.015185 6.07153e-16 1
14800 14 0.0157372 2.91434e-16 1
14800 15 0.0161973 4.89192e-16 1
14800 16 0.0165654 2.32453e-16 1
14800 17 0.0168415 3.85109e-16 1
14800 18 0.0170255 7.97973e-17 1
14800 19 0.0171175 1.8735e-16 1
14800 20 0.0171175 -1.31839e-16 1
14800 21 0.0170255 1.04083e-17 1
14800 22 0.0168415 -2.77556e-16 1
14800 23 0.0165654 -1.94289e-16 1
14800 24 0.0161973 -4.54498e-16 1
14800 25 0.0157372 -3.71231e-16 1
14800 26 0.015185 -3.88578e-16 1
14800 27 0.0145409 -3.88578e-16 1
14800 28 0.0138047 -5.75928e-16 1
14800 29 0.0129765 -5.30825e-16 1
14800 30 0.0120562 -6.45317e-16 1
14800 31 0.0110439 -7.14706e-16 1
14800 32 0.00993965 -7.66748e-16 1
14800 33 0.00874333 -8.1532e-16 1
14800 34 0.00745498 -9.64506e-16 1
14800 35 0.0060746 -1.02349e-15 1
14800 36 0.0046022 -9.74915e-16 1
14800 37 0.00303777 -1.16226e-15 1
14800 38 0.00138131 -1.1588e-15 1
14800 39 0 0 1

# Timestep: 14900
14900 0 0 0 1
14900 1 0.00138131 1.08941e-15 1
14900 2 0.00303778 9.67976e-16 1
14900 3 0.00460221 1.11369e-15 1
14900 4 0.00607462 8.1532e-16 1
14900 5 0.007455 1.02002e-15 1
14900 6 0.00874336 8.39606e-16 1
14900 7 0.00993968 9.57567e-16 1
14900 8 0.011044 5.96745e-16 1
14900 9 0.0120563 6.17562e-16 1
14900 10 0.0129765 3.95517e-16 1
14900 11 0.0138047 6.8695e-16 1
14900 12 0.0145409 3.81639e-16 1
14900 13 0.0151851 5.44703e-16 1
14900 14 0.0157372 1.14492e-16 1
14900 15 0.0161974 4.19803e-16 1
14900 16 0.0165654 1.76942e-16 1
14900 17 0.0168415 2.77556e-16 1
14900 18 0.0170256 -1.07553e-16 1
14900 19 0.0171176 2.01228e-16 1
14900 20 0.0171176 -2.42861e-17 1
14900 21 0.0170256 1.42247e-16 1
14900 22 0.0168415 -1.49186e-16 1
14900 23 0.0165654 -4.51028e-17 1
14900 24 0.0161974 -3.81639e-16 1
14900 25 0.0157372 -3.36536e-16 1
14900 26 0.0151851 -5.41234e-16 1
14900 27 0.0145409 -5.06539e-16 1
14900 28 0.0138047 -6.14092e-16 1
14900 29 0.0129765 -5.20417e-16 1
14900 30 0.0120563 -7.84095e-16 1
14900 31 0.011044 -8.04912e-16 1
14900 32 0.00993968 -9.33281e-16 1
14900 33 0.00874336 -8.25728e-16 1
14900 34 0.007455 -9.47159e-16 1
14900 35 0.00607462 -8.91648e-16 1
14900 36 0.00460221 -1.03736e-15 1
14900 37 0.00303778 -1.0443e-15 1
14900 38 0.00138131 -1.15186e-15 1
14900 39 0 0 1

# Timestep: 15000
15000 0 0 0 1
15000 1 0.00138131 1.20737e-15 1
15000 2 0.00303779 1.15186e-15 1
15000 3 0.00460223 1.06859e-15 1
15000 4 0.00607464 9.99201e-16 1
15000 5 0.00745503 1.02349e-15 1
15000 6 0.00874338 9.67976e-16 1
15000 7 0.00993971 8.29198e-16 1
15000 8 0.011044 7.84095e-16 1
15000 9 0.0120563 6.9042e-16 1
15000 10 0.0129765 6.10623e-16 1
15000 11 0.0138048 5.72459e-16 1
15000 12 0.014541 2.91434e-16 1
15000 13 0.0151851 3.98986e-16 1
15000 14 0.0157373 2.08167e-16 1
15000 15 0.0161974 4.19803e-16 1
15000 16 0.0165655 1.56125e-16 1
15000 17 0.0168416 3.98986e-16 1
15000 18 0.0170256 3.1225e-17 1
15000 19 0.0171176 1.35308e-16 1
15000 20 0.0171176 -1.04083e-16 1
15000 21 0.0170256 2.42861e-17 1
15000 22 0.0168416 -3.22659e-16 1
15000 23 0.0165655 -1.63064e-16 1
15000 24 0.0161974 -4.64906e-16 1
15000 25 0.0157373 -2.11636e-16 1
15000 26 0.0151851 -4.92661e-16 1
15000 27 0.014541 -3.36536e-16 1
15000 28 0.0138048 -5.86337e-16 1
15000 29 0.0129765 -5.44703e-16 1
15000 30 0.0120563 -6.55725e-16 1
15000 31 0.011044 -6.41848e-16 1
15000 32 0.00993971 -8.91648e-16 1
15000 33 0.00874338 -7.45931e-16 1
15000 34 0.00745503 -1.08941e-15 1
15000 35 0.00607464 -1.06165e-15 1
15000 36 0.00460223 -1.11022e-15 1
15000 37 0.00303779 -1.09635e-15 1
15000 38 0.00138131 -1.13798e-15 1
15000 39 0 0 1

# Timestep: 15000
15000 0 0 0 1
15000 1 0.00138131 1.20737e-15 1
15000 2 0.00303779 1.15186e-15 1
15000 3 0.00460223 1.06859e-15 1
15000 4 0.00607464 9.99201e-16 1
15000 5 0.00745503 1.02349e-15 1
15000 6 0.00874338 9.67976e-16 1
15000 7 0.00993971 8.29198e-16 1
15000 8 0.011044 7.84095e-16 1
15000 9 0.0120563 6.9042e-16 1
15000 10 0.0129765 6.10623e-16 1
15000 11 0.0138048 5.72459e-16 1
15000 12 0.014541 2.91434e-16 1
15000 13 0.0151851 3.98986e-16 1
15000 14 0.0157373 2.08167e-16 1
15000 15 0.0161974 4.19803e-16 1
15000 16 0.0165655 1.56125e-16 1
15000 17 0.0168416 3.98986e-16 1
15000 18 0.0170256 3.1225e-17 1
15000 19 0.0171176 1.35308e-16 1
15000 20 0.0171176 -1.04083e-16 1
15000 21 0.0170256 2.42861e-17 1
15000 22 0.0168416 -3.22659e-16 1
15000 23 0.0165655 -1.63064e-16 1
15000 24 0.0161974 -4.64906e-16 1
15000 25 0.0157373 -2.11636e-16 1
15000 26 0.0151851 -4.92661e-16 1
15000 27 0.014541 -3.36536e-16 1
15000 28 0.0138048 -5.86337e-16 1
15000 29 0.0129765 -5.44703e-16 1
15000 30 0.0120563 -6.55725e-16 1
15000 31 0.011044 -6.41848e-16 1
15000 32 0.00993971 -8.91648e-16 1
15000 33 0.00874338 -7.45931e-16 1
15000 34 0.00745503 -1.08941e-15 1
15000 35 0.00607464 -1.06165e-15 1
15000 36 0.00460223 -1.11022e-15 1
15000 37 0.00303779 -1.09635e-15 1
15000 38 0.00138131 -1.13798e-15 1
15000 39 0 0 1

